issue_date,issue_time,address
2025-11-03,19:52:00,2122 KIRKHAM ST
2025-11-03,19:50:00,METRO POWELL STATION-OUTBOUND
2025-11-03,19:46:00,380 PAGE ST
2025-11-03,19:46:00,380 PAGE ST
2025-11-03,19:41:00,99 CERVANTES BLVD
2025-11-03,19:40:00,13 FRANCISCO ST
2025-11-03,19:35:00,831 NORTH POINT ST
2025-11-03,19:16:00,639 GROVE ST
2025-11-03,19:05:00,1250 HAIGHT ST
2025-11-03,18:59:00,3RD ST & MISSION ST
2025-11-03,18:57:00,292 EMBARCADERO SOUTH
2025-11-03,18:51:00,236 EMBARCADERO SOUTH
2025-11-03,18:51:00,1300 14TH AVE
2025-11-03,18:43:00,789 MISSION ST
2025-11-03,18:39:00,3650 FILLMORE ST
2025-11-03,18:36:00,LINCOLN WAY & 9TH AVE
2025-11-03,18:36:00,IRVING ST & 8TH AVE
2025-11-03,18:34:00,649 BRYANT ST
2025-11-03,18:34:00,1727 WALLER ST
2025-11-03,18:28:00,1799 ALAMEDA ST
2025-11-03,18:16:00,MISSION ST & 2ND ST
2025-11-03,18:12:00,2500 GOLDEN GATE AVE
2025-11-03,18:04:00,3RD ST & BRANNAN ST
2025-11-03,18:02:00,1340 MCALLISTER ST
2025-11-03,17:48:00,22ND AVE & NORIEGA ST
2025-11-03,17:47:00,475 SACRAMENTO ST
2025-11-03,17:47:00,995 NATOMA ST
2025-11-03,17:42:00,1503 HARRISON ST
2025-11-03,17:28:00,613 TEXAS ST
2025-11-03,17:27:00,115 SANSOME ST
2025-11-03,17:25:00,2580 POWELL ST
2025-11-03,17:19:00,693 POST ST
2025-11-03,17:16:00,271 BATTERY ST
2025-11-03,17:12:00,10 DAGGETT ST
2025-11-03,17:11:00,MARKET ST & 7TH ST
2025-11-03,17:06:00,106 STEUART ST
2025-11-03,17:04:00,625 JONES ST
2025-11-03,17:04:00,180 SUTTER ST
2025-11-03,16:54:00,MARKET ST & STOCKTON ST
2025-11-03,16:52:00,37TH AVE & LINCOLN WAY
2025-11-03,16:51:00,3RD ST & EVANS AVE
2025-11-03,16:51:00,MARKET ST & STOCKTON ST
2025-11-03,16:40:00,35 CHESTNUT ST
2025-11-03,16:39:00,2210 CLAY ST
2025-11-03,16:38:00,2210 CLAY ST
2025-11-03,16:34:00,101 LOMBARD ST
2025-11-03,16:27:00,SUTTER ST & SANSOME ST
2025-11-03,16:25:00,111 BAY ST
2025-11-03,16:24:00,4TH ST & TOWNSEND ST
2025-11-03,16:23:00,1102 GOUGH ST
2025-11-03,16:23:00,MISSION ST & 11TH ST
2025-11-03,16:22:00,THE EMBARCADERO & FERRY BUILDING
2025-11-03,16:22:00,THE EMBARCADERO & FERRY BUILDING
2025-11-03,16:17:00,788 O'FARRELL ST
2025-11-03,16:17:00,23RD AVE & NORIEGA ST
2025-11-03,16:15:00,304 DRUMM ST
2025-11-03,16:15:00,836 O'FARRELL ST
2025-11-03,16:13:00,74 HARTFORD ST
2025-11-03,16:11:00,3510 20TH ST
2025-11-03,16:10:00,1133 SOUTH VAN NESS AVE
2025-11-03,16:09:00,685 03RD ST
2025-11-03,16:08:00,890 O'FARRELL ST
2025-11-03,16:07:00,38 FORD ST
2025-11-03,16:03:00,346 CALIFORNIA ST
2025-11-03,16:03:00,1416 HAIGHT ST
2025-11-03,16:02:00,121 WISCONSIN ST
2025-11-03,16:01:00,MISSION ST & 16TH ST
2025-11-03,16:00:00,3577 17TH ST
2025-11-03,16:00:00,MISSION ST & 16TH ST
2025-11-03,15:58:00,425 CALIFORNIA ST
2025-11-03,15:56:00,10 DEARBORN ST
2025-11-03,15:52:00,SUNSET BLVD & RIVERA ST
2025-11-03,15:45:00,MISSION ST & 20TH ST
2025-11-03,15:40:00,MISSION ST & 20TH ST
2025-11-03,15:39:00,224 UTAH ST
2025-11-03,15:39:00,2107 CHESTNUT ST
2025-11-03,15:38:00,3RD ST & MISSION ST
2025-11-03,15:34:00,280 NORTH POINT ST
2025-11-03,15:33:00,60 CAMP ST
2025-11-03,15:29:00,1028 NATOMA ST
2025-11-03,15:28:00,23RD AVE & LAWTON ST
2025-11-03,15:27:00,MISSION ST & 9TH ST
2025-11-03,15:27:00,3RD ST & WARRIORS WAY
2025-11-03,15:26:00,MISSION ST & 9TH ST
2025-11-03,15:24:00,1338 05TH AVE
2025-11-03,15:22:00,2234 CHESTNUT ST
2025-11-03,15:22:00,MISSION ST & 9TH ST
2025-11-03,15:22:00,3RD ST & WARRIORS WAY
2025-11-03,15:21:00,890 VALENCIA ST
2025-11-03,15:20:00,MISSION ST & 9TH ST
2025-11-03,15:19:00,66 LAFAYETTE ST
2025-11-03,15:18:00,461 02ND ST
2025-11-03,15:17:00,MISSION ST & 9TH ST
2025-11-03,15:16:00,MISSION ST & 9TH ST
2025-11-03,15:16:00,85 MISSION ST
2025-11-03,15:13:00,85 MISSION ST
2025-11-03,15:12:00,1967 UNION ST
2025-11-03,15:11:00,85 MISSION ST
2025-11-03,15:11:00,712 LINCOLN WAY
2025-11-03,15:10:00,114 FREELON ST
2025-11-03,15:08:00,750 KEARNY ST
2025-11-03,15:06:00,LINCOLN WAY & 9TH AVE
2025-11-03,15:05:00,155 ALMA ST
2025-11-03,15:05:00,86 MISSION ST
2025-11-03,15:04:00,LINCOLN WAY & 9TH AVE
2025-11-03,15:02:00,85 MISSION ST
2025-11-03,15:01:00,110 HUGO ST
2025-11-03,15:01:00,THE EMBARCADERO & FERRY BUILDING
2025-11-03,14:59:00,MISSION ST & 7TH ST
2025-11-03,14:56:00,THE EMBARCADERO & FERRY BUILDING
2025-11-03,14:56:00,MISSION ST & 7TH ST
2025-11-03,14:54:00,49 JACK LONDON ALY
2025-11-03,14:54:00,85 MISSION ST
2025-11-03,14:53:00,THE EMBARCADERO & FERRY BUILDING
2025-11-03,14:52:00,85 MISSION ST
2025-11-03,14:49:00,85 MISSION ST
2025-11-03,14:47:00,85 MISSION ST
2025-11-03,14:35:00,MISSION ST & 4TH ST
2025-11-03,14:35:00,27 DRUMM ST
2025-11-03,14:28:00,METRO POWELL STATION-OUTBOUND
2025-11-03,14:28:00,STANYAN ST & WALLER ST
2025-11-03,14:28:00,STANYAN ST & WALLER ST
2025-11-03,14:27:00,1820 FILLMORE ST
2025-11-03,14:27:00,3103 24TH ST
2025-11-03,14:25:00,THIRD ST & MARIN ST
2025-11-03,14:25:00,THIRD ST & MARIN ST
2025-11-03,14:19:00,504 TAYLOR ST
2025-11-03,14:19:00,METRO EMBARCADERO STATION
2025-11-03,14:19:00,GARFIELD ST & VICTORIA ST
2025-11-03,14:17:00,1597 CALIFORNIA ST
2025-11-03,14:17:00,325 BRYANT ST
2025-11-03,14:16:00,944 HOWARD ST
2025-11-03,14:16:00,GARFIELD ST & VICTORIA ST
2025-11-03,14:14:00,1446 POLK ST
2025-11-03,14:10:00,220 OLIVE ST
2025-11-03,14:09:00,1522 HOWARD ST
2025-11-03,14:09:00,525 POWELL ST
2025-11-03,14:09:00,11TH ST & HARRISON ST
2025-11-03,14:07:00,2456 MISSION ST
2025-11-03,14:06:00,11TH ST & HARRISON ST
2025-11-03,14:05:00,3RD ST & WARRIORS WAY
2025-11-03,14:02:00,3RD ST & WARRIORS WAY
2025-11-03,14:01:00,DON CHEE WAY-STEUART ST
2025-11-03,14:01:00,MISSION ST & 2ND ST
2025-11-03,13:58:00,2435 MISSION ST
2025-11-03,13:56:00,3338 SCOTT ST
2025-11-03,13:53:00,85 MISSION ST
2025-11-03,13:51:00,85 MISSION ST
2025-11-03,13:49:00,MISSION ST & 3RD ST
2025-11-03,13:48:00,806 GRANT AVE
2025-11-03,13:48:00,404 SUTTER ST
2025-11-03,13:47:00,MISSION ST & 3RD ST
2025-11-03,13:46:00,MARKET ST & NEW MONTGOMERY ST
2025-11-03,13:44:00,MARKET ST & NEW MONTGOMERY ST
2025-11-03,13:44:00,86 MISSION ST
2025-11-03,13:43:00,MARKET ST & NEW MONTGOMERY ST
2025-11-03,13:42:00,HAIGHT ST & BAKER ST
2025-11-03,13:41:00,201 LAGUNA ST
2025-11-03,13:38:00,4TH ST & MARKET ST
2025-11-03,13:38:00,COLUMBUS AVE & KEARNY ST
2025-11-03,13:36:00,3156 21ST ST
2025-11-03,13:31:00,454 MINNA ST
2025-11-03,13:31:00,50 VERMONT ST
2025-11-03,13:31:00,50 VERMONT ST
2025-11-03,13:29:00,844 MOUNT VERNON AVE
2025-11-03,13:28:00,1125 BROADWAY
2025-11-03,13:28:00,121 PRECITA AVE
2025-11-03,13:27:00,MISSION ST & 5TH ST
2025-11-03,13:27:00,KEARNY ST & CALIFORNIA ST
2025-11-03,13:27:00,MARKET ST & 5TH  ST
2025-11-03,13:25:00,MISSION ST & 5TH ST
2025-11-03,13:25:00,HAIGHT ST & PIERCE ST
2025-11-03,13:24:00,70 HILLCREST CT
2025-11-03,13:23:00,788 MISSION ST
2025-11-03,13:22:00,VAN NESS AVE & CHESTNUT ST
2025-11-03,13:20:00,1724 ORTEGA ST
2025-11-03,13:16:00,2699 17TH AVE
2025-11-03,13:16:00,HAIGHT ST & FILLMORE ST
2025-11-03,13:15:00,2675 17TH AVE
2025-11-03,13:14:00,HAIGHT ST & FILLMORE ST
2025-11-03,13:12:00,POTRERO AVE & 24TH ST
2025-11-03,13:12:00,METRO CHURCH STATION-DOWNTOWN
2025-11-03,13:11:00,MISSION ST & 11TH ST
2025-11-03,13:11:00,METRO CHURCH STATION-DOWNTOWN
2025-11-03,13:10:00,1815 GREAT HWY
2025-11-03,13:10:00,300 FLORIDA ST
2025-11-03,13:10:00,MISSION ST & 11TH ST
2025-11-03,13:09:00,170 MADRONE AVE
2025-11-03,13:07:00,273 GRANADA AVE
2025-11-03,13:07:00,10 CORTES AVE
2025-11-03,13:06:00,STOCKTON ST & GEARY ST
2025-11-03,13:04:00,170 TOWNSEND ST
2025-11-03,13:02:00,280 PRECITA AVE
2025-11-03,13:02:00,153 CEDAR ST
2025-11-03,12:59:00,METRO VAN NESS STATION
2025-11-03,12:59:00,MARKET ST & VAN NESS AVE
2025-11-03,12:57:00,960 POST ST
2025-11-03,12:56:00,MARKET ST & VAN NESS AVE
2025-11-03,12:56:00,KEARNY ST & SUTTER ST
2025-11-03,12:55:00,498 CASTRO ST
2025-11-03,12:54:00,166 GRANT AVE
2025-11-03,12:53:00,MARKET ST & SOUTH VAN NESS AVE
2025-11-03,12:53:00,MARKET ST & SOUTH VAN NESS AVE
2025-11-03,12:50:00,60 MORRIS ST
2025-11-03,12:47:00,1943 UNION ST
2025-11-03,12:47:00,51 STONEYBROOK AVE
2025-11-03,12:45:00,216 STEINER ST
2025-11-03,12:44:00,1941 UNION ST
2025-11-03,12:42:00,4000 MORAGA ST
2025-11-03,12:40:00,1278 SHAFTER AVE
2025-11-03,12:37:00,SAN BRUNO AVE & BACON ST
2025-11-03,12:37:00,3968 24TH ST
2025-11-03,12:37:00,495 CLAY ST
2025-11-03,12:36:00,2204 BAKER ST
2025-11-03,12:36:00,2201 BAKER ST
2025-11-03,12:36:00,1614 46TH AVE
2025-11-03,12:35:00,745 CLEMENTINA ST
2025-11-03,12:34:00,1435 RHODE ISLAND ST
2025-11-03,12:34:00,SAN BRUNO AVE & BACON ST
2025-11-03,12:33:00,404 MONTGOMERY ST
2025-11-03,12:31:00,1180 DE HARO ST
2025-11-03,12:31:00,1303 GRANT AVE
2025-11-03,12:30:00,1694 BRODERICK ST
2025-11-03,12:30:00,1702 MONTGOMERY ST
2025-11-03,12:29:00,1232 ARGUELLO BLVD
2025-11-03,12:29:00,456 MONTGOMERY ST
2025-11-03,12:27:00,2175 MARKET ST
2025-11-03,12:25:00,220 PINE ST
2025-11-03,12:24:00,999 NATOMA ST
2025-11-03,12:24:00,551 GREEN ST
2025-11-03,12:23:00,1751 NORTH POINT ST
2025-11-03,12:23:00,1026 WISCONSIN ST
2025-11-03,12:22:00,541 GREEN ST
2025-11-03,12:22:00,2212 SCOTT ST
2025-11-03,12:21:00,541 GREEN ST
2025-11-03,12:21:00,832 WISCONSIN ST
2025-11-03,12:21:00,403 PACIFIC AVE
2025-11-03,12:21:00,2210 SCOTT ST
2025-11-03,12:20:00,1336 05TH AVE
2025-11-03,12:20:00,201 SCOTT ST
2025-11-03,12:19:00,401 KEARNY ST
2025-11-03,12:19:00,604 WISCONSIN ST
2025-11-03,12:19:00,2104 SCOTT ST
2025-11-03,12:19:00,250 MALLORCA WAY
2025-11-03,12:19:00,4 HOWARD ST
2025-11-03,12:19:00,295 CALIFORNIA ST
2025-11-03,12:18:00,206 MALLORCA WAY
2025-11-03,12:18:00,332 CUMBERLAND ST
2025-11-03,12:18:00,1972 SCOTT ST
2025-11-03,12:17:00,1491 JEFFERSON ST
2025-11-03,12:17:00,1694 44TH AVE
2025-11-03,12:17:00,572 WISCONSIN ST
2025-11-03,12:17:00,20 MONTGOMERY ST
2025-11-03,12:16:00,440 PINE ST
2025-11-03,12:15:00,2103 PIERCE ST
2025-11-03,12:14:00,57 CASA WAY
2025-11-03,12:13:00,103 SPEAR ST
2025-11-03,12:12:00,15 LAPU-LAPU ST
2025-11-03,12:11:00,2415 PIERCE ST
2025-11-03,12:11:00,390 ASHTON AVE
2025-11-03,12:11:00,398 FILLMORE ST
2025-11-03,12:10:00,3 NEW MONTGOMERY ST
2025-11-03,12:10:00,431 BRYANT ST
2025-11-03,12:09:00,3719 SCOTT ST
2025-11-03,12:09:00,2626 STEINER ST
2025-11-03,12:08:00,2006 LAGUNA ST
2025-11-03,12:08:00,1485 PORTOLA DR
2025-11-03,12:08:00,3258 FOLSOM ST
2025-11-03,12:08:00,3510 19TH ST
2025-11-03,12:07:00,801 KIRKHAM ST
2025-11-03,12:06:00,6136 FULTON ST
2025-11-03,12:06:00,3500 19TH ST
2025-11-03,12:06:00,555 TERRY A FRANCOIS BLVD
2025-11-03,12:05:00,1860 38TH AVE
2025-11-03,12:05:00,3300 23RD ST
2025-11-03,12:03:00,682 PAGE ST
2025-11-03,12:03:00,499 CLAY ST
2025-11-03,12:02:00,2030 STEINER ST
2025-11-03,12:01:00,153 KEARNY ST
2025-11-03,12:01:00,304 BRYANT ST
2025-11-03,12:01:00,1512 CALIFORNIA ST
2025-11-03,12:00:00,1396 PORTOLA DR
2025-11-03,11:59:00,1722 STEINER ST
2025-11-03,11:58:00,543 MARKET ST
2025-11-03,11:56:00,403 BRYANT ST
2025-11-03,11:52:00,2526 MISSION ST
2025-11-03,11:51:00,STEINER ST & UNION ST
2025-11-03,11:50:00,4501 FULTON ST
2025-11-03,11:49:00,2337 GREENWICH ST
2025-11-03,11:49:00,2710 BAKER ST
2025-11-03,11:49:00,334 BOSWORTH ST
2025-11-03,11:47:00,831 ORTEGA ST
2025-11-03,11:45:00,645 LA GRANDE AVE
2025-11-03,11:45:00,STEINER ST & UNION ST
2025-11-03,11:43:00,3340 BAKER ST
2025-11-03,11:42:00,930 RUSSIA AVE
2025-11-03,11:42:00,2801 BRODERICK ST
2025-11-03,11:41:00,2815 BRODERICK ST
2025-11-03,11:41:00,186 TOWNSEND ST
2025-11-03,11:41:00,2060 MISSION ST
2025-11-03,11:33:00,66 28TH ST
2025-11-03,11:24:00,1511 STOCKTON ST
2025-11-03,11:24:00,3RD ST & BRYANT ST
2025-11-03,11:23:00,3RD ST & BRYANT ST
2025-11-03,11:23:00,3RD ST & BRYANT ST
2025-11-03,11:17:00,652 MARKET ST
2025-11-03,11:17:00,601 INDIANA ST
2025-11-03,11:16:00,3RD ST & FOLSOM ST
2025-11-03,11:12:00,333 11TH ST
2025-11-03,11:06:00,FILLMORE ST & SACRAMENTO ST
2025-11-03,11:03:00,2029 SUTTER ST
2025-11-03,11:00:00,145 CAPP ST
2025-11-03,11:00:00,961 MISSION ST
2025-11-03,10:58:00,2053 SUTTER ST
2025-11-03,10:57:00,1144 HAYES ST
2025-11-03,10:54:00,203 MONTGOMERY ST
2025-11-03,10:50:00,FILLMORE ST & PINE ST
2025-11-03,10:49:00,BRYANT ST & 6TH ST
2025-11-03,10:45:00,2429 CLAY ST
2025-11-03,10:45:00,33 MISSION ST
2025-11-03,10:44:00,2429 CLAY ST
2025-11-03,10:44:00,2011 CHESTNUT ST
2025-11-03,10:43:00,504 TAYLOR ST
2025-11-03,10:41:00,234 BLYTHDALE AVE
2025-11-03,10:41:00,POTRERO AVE & 21ST ST
2025-11-03,10:38:00,23 SPEAR ST
2025-11-03,10:38:00,3098 SACRAMENTO ST
2025-11-03,10:35:00,100 01ST ST
2025-11-03,10:35:00,687 GEARY ST
2025-11-03,10:33:00,FILLMORE ST & SUTTER ST
2025-11-03,10:31:00,FILLMORE ST & SUTTER ST
2025-11-03,10:29:00,106 DAVIS ST
2025-11-03,10:28:00,197 STEUART ST
2025-11-03,10:27:00,STOCKTON ST & SUTTER ST
2025-11-03,10:22:00,799 MARKET ST
2025-11-03,10:21:00,25 CASTELO AVE
2025-11-03,10:21:00,1567 KIRKWOOD AVE
2025-11-03,10:20:00,1003 FRONT ST
2025-11-03,10:17:00,2901 DIVISADERO ST
2025-11-03,10:16:00,2335 FILBERT ST
2025-11-03,10:15:00,FILLMORE ST & HAIGHT ST
2025-11-03,10:14:00,180 SPEAR ST
2025-11-03,10:14:00,4TH ST & MARKET ST
2025-11-03,10:13:00,2331 LAGUNA ST
2025-11-03,10:13:00,4398 LINCOLN BLVD
2025-11-03,10:13:00,300 PAGE ST
2025-11-03,10:12:00,2924 PIERCE ST
2025-11-03,10:12:00,FILLMORE ST & HAIGHT ST
2025-11-03,10:11:00,937 16TH ST
2025-11-03,10:10:00,FILLMORE ST & HAIGHT ST
2025-11-03,10:07:00,1601 MASONIC AVE
2025-11-03,10:07:00,1215 16TH ST
2025-11-03,10:06:00,2134 15TH ST
2025-11-03,10:06:00,2224 15TH ST
2025-11-03,10:06:00,CROSSOVER DR & LINCOLN ST
2025-11-03,10:05:00,645 SANTIAGO ST
2025-11-03,10:05:00,935 QUINTARA ST
2025-11-03,10:05:00,CROSSOVER DR & LINCOLN ST
2025-11-03,10:02:00,300 MADRID ST
2025-11-03,10:00:00,03 MCCOPPIN ST
2025-11-03,10:00:00,CROSSOVER DR & LINCOLN ST
2025-11-03,09:58:00,2009 FILBERT ST
2025-11-03,09:58:00,274 HAHN ST
2025-11-03,09:55:00,303 EMBARCADERO NORTH
2025-11-03,09:55:00,106 DAVIS ST
2025-11-03,09:49:00,124 PRESIDIO AVE
2025-11-03,09:47:00,19TH AVE & IRVING ST
2025-11-03,09:44:00,695 DOLORES ST
2025-11-03,09:43:00,1 SUTTER ST
2025-11-03,09:42:00,1801 27TH AVE
2025-11-03,09:41:00,571 07TH AVE
2025-11-03,09:39:00,421 LOCUST ST
2025-11-03,09:38:00,50 DRUMM ST
2025-11-03,09:38:00,205 LOCUST ST
2025-11-03,09:38:00,618 DELANCEY ST
2025-11-03,09:37:00,19TH AVE & IRVING ST
2025-11-03,09:36:00,2729 WEBSTER ST
2025-11-03,09:34:00,2847 WEBSTER ST
2025-11-03,09:34:00,3 EMBARCADERO NORTH
2025-11-03,09:31:00,3027 WEBSTER ST
2025-11-03,09:28:00,689 SPRUCE ST
2025-11-03,09:28:00,660 SPRUCE ST
2025-11-03,09:25:00,177 HANCOCK ST
2025-11-03,09:25:00,3880 19TH ST
2025-11-03,07:31:00,1497 19TH AVE
2025-11-03,07:29:00,711 O'FARRELL ST
2025-11-03,07:29:00,301 RANDOLPH ST
2025-11-03,07:29:00,1357 CLAY ST
2025-11-03,07:28:00,417 MONTGOMERY ST
2025-11-03,07:25:00,1550 CALIFORNIA ST
2025-11-03,07:23:00,201 MONTGOMERY ST
2025-11-03,07:22:00,721 O'FARRELL ST
2025-11-03,07:22:00,1260 CALIFORNIA ST
2025-11-03,07:21:00,1351 DIVISADERO ST
2025-11-03,07:20:00,311 12TH AVE
2025-11-03,07:20:00,1901 TARAVAL ST
2025-11-03,07:17:00,1299 BUSH ST
2025-11-03,07:17:00,262 10TH AVE
2025-11-03,07:16:00,480 CLAY ST
2025-11-03,07:15:00,205 08TH AVE
2025-11-03,07:15:00,43 FLORA ST
2025-11-03,07:13:00,1 RIVOLI ST
2025-11-03,07:13:00,864 BUSH ST
2025-11-03,07:13:00,302 06TH AVE
2025-11-03,07:12:00,52 THERESA ST
2025-11-03,07:12:00,10 DORADO TER
2025-11-03,07:12:00,360 06TH AVE
2025-11-03,07:12:00,539 BELVEDERE ST
2025-11-03,07:12:00,3224 JUDAH ST
2025-11-03,07:10:00,1080 BUSH ST
2025-11-03,07:10:00,600 BELVEDERE ST
2025-11-03,07:08:00,244 TAYLOR ST
2025-11-03,07:08:00,2648 GREAT HWY
2025-11-03,07:06:00,1497 19TH AVE
2025-11-03,07:06:00,1525 CLAY ST
2025-11-03,07:05:00,123 EDDY ST
2025-11-03,07:05:00,3 GENEVA AVE
2025-11-03,07:05:00,705 PORTOLA ST
2025-11-03,07:05:00,1508 STEINER ST
2025-11-03,07:05:00,3495 16TH ST
2025-11-03,07:04:00,555 ELLIS ST
2025-11-03,07:03:00,1 HARRISON ST
2025-11-03,06:58:00,801 14TH ST
2025-11-03,06:54:00,3535 CALIFORNIA ST
2025-11-03,06:54:00,85 MISSION ST
2025-11-03,06:54:00,350 ELLIS ST
2025-11-03,06:52:00,3632 SACRAMENTO ST
2025-11-03,06:50:00,3464 SACRAMENTO ST
2025-11-03,06:49:00,3324 SACRAMENTO ST
2025-11-03,06:47:00,636 PRESIDIO AVE
2025-11-03,06:45:00,3795 24TH ST
2025-11-03,06:45:00,3350 17TH ST
2025-11-03,06:44:00,736 POST ST
2025-11-03,06:41:00,227 TAYLOR ST
2025-11-03,06:41:00,738 POST ST
2025-11-03,06:39:00,725 HYDE ST
2025-11-03,06:35:00,1652 EDDY ST
2025-11-03,06:30:00,223 HYDE ST
2025-11-03,06:30:00,570 JESSIE ST
2025-11-03,06:29:00,560 JESSIE ST
2025-11-03,06:29:00,3555 20TH ST
2025-11-03,06:28:00,309 HYDE ST
2025-11-03,06:27:00,1506 STEINER ST
2025-11-03,06:26:00,333 BROADWAY
2025-11-03,06:20:00,1841 GROVE ST
2025-11-03,06:19:00,55 OCEAN AVE
2025-11-03,06:16:00,59 PERRY ST
2025-11-03,06:12:00,554 JONES ST
2025-11-03,06:09:00,345 LEAVENWORTH ST
2025-11-03,06:08:00,241 LEAVENWORTH ST
2025-11-03,04:28:00,230 07TH ST
2025-11-03,04:15:00,250 12TH ST
2025-11-03,04:11:00,356 12TH ST
2025-11-03,04:04:00,36 HOFF ST
2025-11-03,04:03:00,751 BROADWAY
2025-11-03,03:13:00,1395 UNDERWOOD AVE
2025-11-03,03:12:00,1375 UNDERWOOD AVE
2025-11-03,03:11:00,1311 UNDERWOOD AVE
2025-11-03,03:05:00,16 FELL ST
2025-11-03,02:54:00,4910 03RD ST
2025-11-03,02:45:00,1640 VAN NESS AVE
2025-11-03,02:42:00,1001 TENNESSEE ST
2025-11-03,02:40:00,1088 MINNESOTA ST
2025-11-03,02:23:00,421 MASON ST
2025-11-03,02:20:00,2160 MARKET ST
2025-11-03,02:17:00,340 POST ST
2025-11-03,02:09:00,430 CLAY ST
2025-11-03,02:09:00,148 FELL ST
2025-11-03,02:08:00,578 BUSH ST
2025-11-03,02:07:00,432 GEARY ST
2025-11-03,01:09:00,670 TEXAS ST
2025-11-03,01:08:00,642 TEXAS ST
2025-11-03,01:08:00,605 INDIANA ST
2025-11-03,01:07:00,640 TEXAS ST
2025-11-03,01:04:00,801 PENNSYLVANIA AVE
2025-11-03,01:02:00,905 PENNSYLVANIA AVE
2025-11-03,01:01:00,190 09TH ST
2025-11-03,00:50:00,89 GOUGH ST
2025-11-03,00:47:00,51 HENRY ADAMS ST
2025-11-03,00:44:00,360 BRANNAN ST
2025-11-03,00:35:00,1390 04TH ST
2025-11-03,00:30:00,1200 04TH ST
2025-11-03,00:30:00,120 TEHAMA ST
2025-11-03,00:26:00,1744 HARRISON ST
2025-11-03,00:24:00,630 FOLSOM ST
2025-11-03,00:15:00,754 EMBARCADERO SOUTH
2025-11-03,00:14:00,528 BRYANT ST
2025-11-03,00:14:00,528 BRYANT ST
2025-11-03,00:13:00,48 COLIN P KELLY JR ST
2025-11-03,00:13:00,22 HAWTHORNE ST
2025-11-03,00:08:00,510 07TH ST
2025-11-03,00:07:00,540 MINNA ST
2025-11-03,00:02:00,900 BRYANT ST
2025-11-02,22:42:00,560 NATOMA ST
2025-11-02,22:33:00,1546 20TH AVE
2025-11-02,22:30:00,2901 25TH ST
2025-11-02,21:55:00,272 ST CHARLES AVE
2025-11-02,21:52:00,1633 UNION ST
2025-11-02,20:59:00,704 EMBARCADERO SOUTH
2025-11-02,20:59:00,501 14TH ST
2025-11-02,20:46:00,75 WHITTIER ST
2025-11-02,20:31:00,704 EMBARCADERO NORTH
2025-11-02,20:30:00,400 10TH AVE
2025-11-02,20:29:00,1798 NORTH POINT ST
2025-11-02,20:05:00,1431 10TH AVE
2025-11-02,19:59:00,103 EMBARCADERO SOUTH
2025-11-02,19:58:00,126 17TH AVE
2025-11-02,19:54:00,166 EMBARCADERO SOUTH
2025-11-02,19:54:00,126 17TH AVE
2025-11-02,19:52:00,160 EMBARCADERO SOUTH
2025-11-02,19:51:00,2400 LARKIN ST
2025-11-02,19:51:00,1535 48TH AVE
2025-11-02,19:48:00,744 OAK ST
2025-11-02,19:48:00,87 EMBARCADERO SOUTH
2025-11-02,19:47:00,230 CERVANTES BLVD
2025-11-02,19:45:00,1149 SILVER AVE
2025-11-02,19:45:00,501 MADRID ST
2025-11-02,19:44:00,99 EMBARCADERO SOUTH
2025-11-02,19:42:00,700 CHURCH ST
2025-11-02,19:40:00,713 LYON ST
2025-11-02,19:40:00,102 EMBARCADERO SOUTH
2025-11-02,19:39:00,102 EMBARCADERO SOUTH
2025-11-02,19:38:00,102 EMBARCADERO SOUTH
2025-11-02,19:35:00,4 EMBARCADERO SOUTH
2025-11-02,19:34:00,4 EMBARCADERO SOUTH
2025-11-02,19:32:00,3 EMBARCADERO NORTH
2025-11-02,19:31:00,3 EMBARCADERO NORTH
2025-11-02,19:29:00,3 EMBARCADERO NORTH
2025-11-02,19:28:00,841 26TH AVE
2025-11-02,19:28:00,3 EMBARCADERO NORTH
2025-11-02,19:26:00,24 HARTFORD ST
2025-11-02,19:25:00,175 ALHAMBRA ST
2025-11-02,19:25:00,175 ALHAMBRA ST
2025-11-02,19:25:00,3 EMBARCADERO NORTH
2025-11-02,19:24:00,1848 FRANKLIN ST
2025-11-02,19:23:00,103 EMBARCADERO NORTH
2025-11-02,19:20:00,303 EMBARCADERO NORTH
2025-11-02,19:19:00,303 EMBARCADERO NORTH
2025-11-02,19:16:00,1750 BEACH ST
2025-11-02,19:16:00,403 EMBARCADERO NORTH
2025-11-02,19:15:00,403 EMBARCADERO NORTH
2025-11-02,19:14:00,205 CLIPPER ST
2025-11-02,19:13:00,526 NOE ST
2025-11-02,19:11:00,1272 BROADWAY
2025-11-02,19:11:00,403 EMBARCADERO NORTH
2025-11-02,19:10:00,627 UNIVERSITY ST
2025-11-02,19:06:00,531 ARBALLO DR
2025-11-02,19:05:00,809 DWIGHT ST
2025-11-02,19:05:00,530 ARBALLO DR
2025-11-02,19:03:00,704 EMBARCADERO NORTH
2025-11-02,19:01:00,704 EMBARCADERO NORTH
2025-11-02,19:01:00,460 DWIGHT ST
2025-11-02,18:59:00,1100 CAPP ST
2025-11-02,18:59:00,704 EMBARCADERO NORTH
2025-11-02,18:59:00,977 GUERRERO ST
2025-11-02,18:57:00,1098 CAPP ST
2025-11-02,18:56:00,112 EMBARCADERO SOUTH
2025-11-02,18:54:00,114 EMBARCADERO SOUTH
2025-11-02,18:53:00,116 EMBARCADERO SOUTH
2025-11-02,18:51:00,1940 LAGUNA ST
2025-11-02,18:50:00,132 EMBARCADERO SOUTH
2025-11-02,18:49:00,133 EMBARCADERO SOUTH
2025-11-02,18:48:00,140 EMBARCADERO SOUTH
2025-11-02,18:47:00,144 EMBARCADERO SOUTH
2025-11-02,18:45:00,146 EMBARCADERO SOUTH
2025-11-02,18:44:00,148 EMBARCADERO SOUTH
2025-11-02,18:41:00,3575 KEITH ST
2025-11-02,18:39:00,3575 KEITH ST
2025-11-02,18:38:00,305 SANTA ROSA AVE
2025-11-02,18:37:00,305 SANTA ROSA AVE
2025-11-02,18:35:00,187 EMBARCADERO SOUTH
2025-11-02,18:28:00,403 EMBARCADERO SOUTH
2025-11-02,18:21:00,140 ANZA ST
2025-11-02,18:21:00,44 REGENT ST
2025-11-02,18:19:00,434 MINNA ST
2025-11-02,18:18:00,375 06TH AVE
2025-11-02,18:17:00,38 LYON ST
2025-11-02,18:16:00,434 MINNA ST
2025-11-02,18:10:00,152 COLEMAN ST
2025-11-02,17:54:00,1385 HAMPSHIRE ST
2025-11-02,17:53:00,3570 18TH ST
2025-11-02,17:52:00,1385 HAMPSHIRE ST
2025-11-02,17:40:00,205 WATERVILLE ST
2025-11-02,17:38:00,204 WATERVILLE ST
2025-11-02,17:29:00,1760 BUSH ST
2025-11-02,17:24:00,620 02ND AVE
2025-11-02,17:06:00,2101 CALIFORNIA ST
2025-11-02,17:04:00,3365 19TH ST
2025-11-02,16:59:00,99 SOMERSET ST
2025-11-02,16:58:00,1998 OCTAVIA ST
2025-11-02,16:55:00,115 MONTEREY BLVD
2025-11-02,16:55:00,320 BUENA VISTA AVE EAST
2025-11-02,16:41:00,1535 PAGE ST
2025-11-02,16:40:00,1535 PAGE ST
2025-11-02,16:38:00,1254 11TH AVE
2025-11-02,16:36:00,2355 PACIFIC AVE
2025-11-02,16:23:00,160 RICHLAND AVE
2025-11-02,16:18:00,1099 MONTGOMERY ST
2025-11-02,16:17:00,33 EMBARCADERO NORTH
2025-11-02,16:16:00,3 EMBARCADERO NORTH
2025-11-02,16:04:00,2506 MASON ST
2025-11-02,16:03:00,430 MAIN ST
2025-11-02,15:53:00,154 ARGUELLO BLVD
2025-11-02,15:49:00,364 NORTH POINT ST
2025-11-02,15:46:00,1385 32ND AVE
2025-11-02,15:42:00,204 EMBARCADERO SOUTH
2025-11-02,15:40:00,115 BAY ST
2025-11-02,15:36:00,2899 MCALLISTER ST
2025-11-02,15:35:00,1880 POST ST
2025-11-02,15:32:00,2480 FULTON ST
2025-11-02,15:32:00,2480 FULTON ST
2025-11-02,15:31:00,505 EMBARCADERO NORTH
2025-11-02,15:29:00,505 EMBARCADERO NORTH
2025-11-02,15:09:00,826 COLE ST
2025-11-02,15:00:00,326 MADRID ST
2025-11-02,14:59:00,156 TIFFANY AVE
2025-11-02,14:57:00,450 SCOTT ST
2025-11-02,14:56:00,568 SAN JOSE AVE
2025-11-02,14:55:00,2703 JONES ST
2025-11-02,14:55:00,4 EMBARCADERO SOUTH
2025-11-02,14:54:00,4 EMBARCADERO SOUTH
2025-11-02,14:49:00,519 DOLORES ST
2025-11-02,14:46:00,7 HOLLADAY AVE
2025-11-02,14:46:00,2705 LEAVENWORTH ST
2025-11-02,14:44:00,2705 LEAVENWORTH ST
2025-11-02,14:41:00,1303 COLUMBUS AVE
2025-11-02,14:37:00,1303 COLUMBUS AVE
2025-11-02,14:35:00,157 FOLSOM ST
2025-11-02,14:34:00,2440 23RD AVE
2025-11-02,14:33:00,31 PARADISE AVE
2025-11-02,14:27:00,2675 21ST AVE
2025-11-02,14:26:00,323 BAY ST
2025-11-02,14:24:00,504 JEFFERSON ST
2025-11-02,14:21:00,398 BAY ST
2025-11-02,14:18:00,394 BAY ST
2025-11-02,14:14:00,1527 32ND AVE
2025-11-02,14:14:00,560 GROVE ST
2025-11-02,14:14:00,560 GROVE ST
2025-11-02,14:10:00,1587 GRANT AVE
2025-11-02,14:07:00,1203 EMBARCADERO NORTH
2025-11-02,14:05:00,1261 EMBARCADERO NORTH
2025-11-02,14:04:00,355 BAY ST
2025-11-02,14:03:00,1203 EMBARCADERO NORTH
2025-11-02,14:02:00,829 HAMPSHIRE ST
2025-11-02,14:01:00,311 CAPITOL AVE
2025-11-02,13:59:00,1330 EMBARCADERO NORTH
2025-11-02,13:58:00,1304 EMBARCADERO NORTH
2025-11-02,13:57:00,2290 STOCKTON ST
2025-11-02,13:56:00,205 SAGAMORE ST
2025-11-02,13:50:00,33 LAPU LAPU ST
2025-11-02,13:48:00,401 CAPITOL AVE
2025-11-02,13:45:00,555 BEACH ST
2025-11-02,13:40:00,64 HARRIET ST
2025-11-02,13:39:00,1203 COLUMBUS AVE
2025-11-02,13:37:00,1203 COLUMBUS AVE
2025-11-02,13:36:00,1211 COLUMBUS AVE
2025-11-02,13:35:00,1203 COLUMBUS AVE
2025-11-02,13:34:00,1206 COLUMBUS AVE
2025-11-02,13:31:00,2604 JONES ST
2025-11-02,13:29:00,362 BEACH ST
2025-11-02,13:26:00,366 BEACH ST
2025-11-02,13:22:00,620 ARGUELLO BLVD
2025-11-02,13:21:00,744 OAK ST
2025-11-02,13:21:00,620 ARGUELLO BLVD
2025-11-02,13:20:00,620 ARGUELLO BLVD
2025-11-02,13:19:00,620 ARGUELLO BLVD
2025-11-02,13:19:00,898 SARGENT ST
2025-11-02,13:19:00,601 CRESCENT AVE
2025-11-02,13:19:00,4637 25TH ST
2025-11-02,13:17:00,620 ARGUELLO BLVD
2025-11-02,13:06:00,2101 23RD ST
2025-11-02,13:04:00,553 BEACH ST
2025-11-02,12:59:00,2304 STOCKTON ST
2025-11-02,12:59:00,2320 STOCKTON ST
2025-11-02,12:53:00,204 EMBARCADERO SOUTH
2025-11-02,12:51:00,798 DWIGHT ST
2025-11-02,12:48:00,75 DE LONG ST
2025-11-02,12:48:00,102 EMBARCADERO SOUTH
2025-11-02,12:48:00,154 ARGUELLO BLVD
2025-11-02,12:46:00,2311 POWELL ST
2025-11-02,12:46:00,198 RUSS ST
2025-11-02,12:43:00,4 NORTH POINT ST
2025-11-02,12:42:00,1296 HOLLISTER AVE
2025-11-02,12:41:00,1298 HOLLISTER AVE
2025-11-02,12:38:00,2307 POWELL ST
2025-11-02,12:36:00,1215 EMBARCADERO NORTH
2025-11-02,12:35:00,2305 POWELL ST
2025-11-02,12:35:00,558 MINNA ST
2025-11-02,12:34:00,2603 TAYLOR ST
2025-11-02,12:33:00,382 LEXINGTON ST
2025-11-02,12:32:00,2703 TAYLOR ST
2025-11-02,12:31:00,15 BELLE AVE
2025-11-02,12:28:00,57 BELLES ST
2025-11-02,12:26:00,804 EMBARCADERO NORTH
2025-11-02,12:26:00,830 EMBARCADERO NORTH
2025-11-02,12:22:00,460 BEACH ST
2025-11-02,12:20:00,3740 25TH ST
2025-11-02,12:20:00,1463 HAIGHT ST
2025-11-02,12:19:00,1467 HAIGHT ST
2025-11-02,12:19:00,561 EMBARCADERO NORTH
2025-11-02,12:18:00,505 EMBARCADERO NORTH
2025-11-02,12:18:00,561 BEACH ST
2025-11-02,12:17:00,1543 HAIGHT ST
2025-11-02,12:16:00,563 BEACH ST
2025-11-02,12:14:00,290 ST CHARLES AVE
2025-11-02,12:14:00,598 INNES AVE
2025-11-02,12:12:00,750 ULLOA ST
2025-11-02,12:11:00,403 EMBARCADERO NORTH
2025-11-02,12:09:00,381 EMBARCADERO NORTH
2025-11-02,12:07:00,303 EMBARCADERO NORTH
2025-11-02,12:04:00,221 EMBARCADERO NORTH
2025-11-02,12:03:00,215 EMBARCADERO NORTH
2025-11-02,12:03:00,964 EDDY ST
2025-11-02,12:02:00,27 RANDOLPH ST
2025-11-02,12:02:00,964 EDDY ST
2025-11-02,12:01:00,27 RANDOLPH ST
2025-11-02,12:00:00,119 NORTH POINT ST
2025-11-02,11:59:00,18 RANDOLPH ST
2025-11-02,11:59:00,81 EMBARCADERO NORTH
2025-11-02,11:57:00,3 EMBARCADERO NORTH
2025-11-02,11:57:00,119 NORTH POINT ST
2025-11-02,11:57:00,43 EMBARCADERO NORTH
2025-11-02,11:57:00,1502 GALVEZ AVE
2025-11-02,11:55:00,31 EMBARCADERO NORTH
2025-11-02,11:53:00,4 EMBARCADERO SOUTH
2025-11-02,11:52:00,241 LOBOS ST
2025-11-02,11:52:00,2605 TAYLOR ST
2025-11-02,11:52:00,40 EMBARCADERO SOUTH
2025-11-02,11:50:00,50 EMBARCADERO SOUTH
2025-11-02,11:50:00,597 BRUNSWICK ST
2025-11-02,11:50:00,1754 REVERE AVE
2025-11-02,11:48:00,50 DRUMM ST
2025-11-02,11:46:00,298 MALLORCA WAY
2025-11-02,11:45:00,101 LOBOS ST
2025-11-02,11:44:00,101 SENECA AVE
2025-11-02,11:44:00,932 23RD ST
2025-11-02,11:44:00,70 DRUMM ST
2025-11-02,11:40:00,49 DRUMM ST
2025-11-02,11:40:00,204 EMBARCADERO SOUTH
2025-11-02,11:39:00,2580 TAYLOR ST
2025-11-02,11:38:00,70 LANGTON ST
2025-11-02,11:37:00,2203 GRANT AVE
2025-11-02,11:37:00,2570 TAYLOR ST
2025-11-02,11:36:00,40 DRUMM ST
2025-11-02,11:36:00,58 LANGTON ST
2025-11-02,11:33:00,2545 TAYLOR ST
2025-11-02,11:32:00,503 NORTH POINT ST
2025-11-02,11:32:00,108 LANGTON ST
2025-11-02,11:32:00,1579 26TH AVE
2025-11-02,11:32:00,760 NATOMA ST
2025-11-02,11:30:00,70 DRUMM ST
2025-11-02,11:29:00,503 NORTH POINT ST
2025-11-02,11:28:00,180 LANGTON ST
2025-11-02,11:27:00,230 LELAND AVE
2025-11-02,11:25:00,696 EMBARCADERO SOUTH
2025-11-02,11:25:00,1200 LEAVENWORTH ST
2025-11-02,11:24:00,501 DELTA ST
2025-11-02,11:22:00,2340 SAN JOSE AVE
2025-11-02,11:22:00,40 DRUMM ST
2025-11-02,11:21:00,2601 JONES ST
2025-11-02,11:21:00,559 BEACH ST
2025-11-02,11:19:00,2601 JONES ST
2025-11-02,11:19:00,704 EMBARCADERO SOUTH
2025-11-02,11:19:00,597 BEACH ST
2025-11-02,11:18:00,80 DRUMM ST
2025-11-02,11:18:00,90 FREELON ST
2025-11-02,11:15:00,2705 LEAVENWORTH ST
2025-11-02,11:14:00,1380 48TH AVE
2025-11-02,11:13:00,2803 LEAVENWORTH ST
2025-11-02,11:10:00,1001 PAGE ST
2025-11-02,11:09:00,1715 GREENWICH ST
2025-11-02,11:08:00,333 DIVISADERO ST
2025-11-02,11:08:00,920 GOETTINGEN ST
2025-11-02,11:04:00,875 HAIGHT ST
2025-11-02,11:04:00,22 MIGUEL ST
2025-11-02,11:02:00,2804 LEAVENWORTH ST
2025-11-02,11:02:00,22 MIGUEL ST
2025-11-02,11:02:00,407 EMBARCADERO SOUTH
2025-11-02,11:00:00,600 FELTON ST
2025-11-02,10:55:00,204 EMBARCADERO SOUTH
2025-11-02,10:49:00,124 FOLSOM ST
2025-11-02,10:49:00,399 ALLISON ST
2025-11-02,10:48:00,106 EMBARCADERO SOUTH
2025-11-02,10:48:00,126 FOLSOM ST
2025-11-02,10:48:00,2100 44TH AVE
2025-11-02,10:46:00,80 EMBARCADERO SOUTH
2025-11-02,10:46:00,234 FOLSOM ST
2025-11-02,10:45:00,268 BEACH ST
2025-11-02,10:45:00,3325 PIERCE ST
2025-11-02,10:42:00,1386 SILVER AVE
2025-11-02,10:42:00,2434 45TH AVE
2025-11-02,10:39:00,2506 MASON ST
2025-11-02,10:38:00,60 DRUMM ST
2025-11-02,10:37:00,510 FOLSOM ST
2025-11-02,10:33:00,366 NORTH POINT ST
2025-11-02,10:31:00,364 NORTH POINT ST
2025-11-02,10:31:00,20 AVILA ST
2025-11-02,10:30:00,362 NORTH POINT ST
2025-11-02,10:24:00,3490 SCOTT ST
2025-11-02,10:18:00,61 MISSION ST
2025-11-02,10:18:00,67 PAULDING ST
2025-11-02,10:14:00,30 DRUMM ST
2025-11-02,10:13:00,1804 SAN JOSE AVE
2025-11-02,10:12:00,1800 SAN JOSE AVE
2025-11-02,10:10:00,846 FRONT ST
2025-11-02,10:07:00,70 DRUMM ST
2025-11-02,10:07:00,311 TOWNSEND ST
2025-11-02,10:02:00,70 DRUMM ST
2025-11-02,09:58:00,1830 SILLIMAN ST
2025-11-02,09:53:00,3737 DIVISADERO ST
2025-11-02,09:49:00,330 UNION ST
2025-11-02,09:47:00,46 GAMBIER ST
2025-11-02,09:42:00,834 TREAT AVE
2025-11-02,09:41:00,2355 19TH AVE
2025-11-02,09:39:00,70 DRUMM ST
2025-11-02,09:36:00,906 UNION ST
2025-11-02,09:33:00,5 DRUMM ST
2025-11-02,09:32:00,27 DRUMM ST
2025-11-02,09:30:00,1564 CHESTNUT ST
2025-11-02,09:27:00,600 MYRA WAY
2025-11-02,09:13:00,60 DRUMM ST
2025-11-02,09:11:00,1458 FRANCISCO ST
2025-11-02,09:06:00,3246 17TH ST
2025-11-02,09:06:00,1333 BUSH ST
2025-11-02,09:05:00,1331 BUSH ST
2025-11-02,08:59:00,199 SUMMIT ST
2025-11-02,08:56:00,3899 ANZA AVE
2025-11-02,08:53:00,1107 MASON ST
2025-11-02,08:52:00,3801 ANZA AVE
2025-11-02,08:52:00,1107 MASON ST
2025-11-02,08:38:00,2205 PACIFIC AVE
2025-11-02,08:36:00,198 MERRILL ST
2025-11-02,08:27:00,817 FELL ST
2025-11-02,08:24:00,438 20TH AVE
2025-11-02,08:15:00,82 NAPLES ST
2025-11-02,08:12:00,371 28TH AVE
2025-11-02,08:10:00,1075 SUTTER ST
2025-11-02,08:10:00,1801 GOUGH ST
2025-11-02,08:10:00,1075 SUTTER ST
2025-11-02,08:08:00,1075 SUTTER ST
2025-11-02,08:06:00,291 PARIS ST
2025-11-02,08:05:00,3500 22ND ST
2025-11-02,08:05:00,291 PARIS ST
2025-11-02,08:03:00,2620 BALBOA ST
2025-11-02,08:03:00,1890 PINE ST
2025-11-02,07:58:00,2098 CABRILLO ST
2025-11-02,07:56:00,334 LONDON ST
2025-11-02,07:54:00,231 LONDON ST
2025-11-02,07:54:00,609 22ND AVE
2025-11-02,07:53:00,645 SAN JOSE AVE
2025-11-02,07:50:00,101 PERSIA AVE
2025-11-02,07:49:00,101 PERSIA AVE
2025-11-02,07:46:00,120 TAYLOR ST
2025-11-02,07:44:00,3350 25TH ST
2025-11-02,07:42:00,3351 25TH ST
2025-11-02,07:42:00,34 JOICE ST
2025-11-02,07:40:00,3351 25TH ST
2025-11-02,07:40:00,3351 25TH ST
2025-11-02,07:38:00,98 LAKE ST
2025-11-02,07:31:00,98 LUCKY ST
2025-11-02,07:23:00,2598 HARRISON ST
2025-11-02,07:13:00,302 02ND ST
2025-11-02,07:04:00,2604 MCALLISTER ST
2025-11-02,06:52:00,710 STEINER ST
2025-11-02,06:49:00,400 PIERCE ST
2025-11-02,06:22:00,1304 19TH ST
2025-11-02,06:19:00,1336 20TH ST
2025-11-02,06:11:00,2408 FILLMORE ST
2025-11-02,06:09:00,1990 FILLMORE ST
2025-11-02,06:09:00,448 ELLIS ST
2025-11-02,06:09:00,420 ELLIS ST
2025-11-02,06:09:00,484 ELLIS ST
2025-11-02,06:08:00,430 ELLIS ST
2025-11-02,06:07:00,405 ELLIS ST
2025-11-02,06:07:00,473 ELLIS ST
2025-11-02,06:07:00,439 ELLIS ST
2025-11-02,06:07:00,519 ELLIS ST
2025-11-02,06:06:00,495 ELLIS ST
2025-11-02,06:06:00,1600 FILLMORE ST
2025-11-02,06:06:00,519 ELLIS ST
2025-11-02,06:05:00,601 ELLIS ST
2025-11-02,06:05:00,489 ELLIS ST
2025-11-02,06:04:00,635 ELLIS ST
2025-11-02,06:04:00,1350 FILLMORE ST
2025-11-02,06:04:00,1350 FILLMORE ST
2025-11-02,06:04:00,635 ELLIS ST
2025-11-02,06:03:00,735 ELLIS ST
2025-11-02,06:02:00,1270 FILLMORE ST
2025-11-02,06:02:00,749 ELLIS ST
2025-11-02,06:01:00,1000 FILLMORE ST
2025-11-02,06:01:00,749 ELLIS ST
2025-11-02,05:32:00,3987 MISSION ST
2025-11-02,05:30:00,4043 MISSION ST
2025-11-02,05:25:00,4723 MISSION ST
2025-11-02,05:23:00,4901 MISSION ST
2025-11-02,05:22:00,4907 MISSION ST
2025-11-02,05:21:00,4929 MISSION ST
2025-11-02,05:19:00,5091 MISSION ST
2025-11-02,05:18:00,933 GENEVA AVE
2025-11-02,05:14:00,4838 MISSION ST
2025-11-02,05:13:00,4744 MISSION ST
2025-11-02,05:12:00,4740 MISSION ST
2025-11-02,05:11:00,4740 MISSION ST
2025-11-02,05:10:00,4616 MISSION ST
2025-11-02,05:08:00,4400 MISSION ST
2025-11-02,05:06:00,4194 MISSION ST
2025-11-02,05:05:00,4190 MISSION ST
2025-11-02,04:24:00,1897 MISSION ST
2025-11-02,04:21:00,130 BROADWAY
2025-11-02,04:21:00,2155 MISSION ST
2025-11-02,04:20:00,280 BROADWAY
2025-11-02,04:18:00,308 BROADWAY
2025-11-02,04:18:00,311 BROADWAY
2025-11-02,04:16:00,2551 MISSION ST
2025-11-02,04:16:00,700 BROADWAY
2025-11-02,04:14:00,1320 STOCKTON ST
2025-11-02,04:13:00,1415 STOCKTON ST
2025-11-02,04:12:00,2451 MISSION ST
2025-11-02,04:12:00,2766 MISSION ST
2025-11-02,04:11:00,555 COLUMBUS AVE
2025-11-02,04:11:00,253 06TH ST
2025-11-02,04:10:00,2298 MISSION ST
2025-11-02,04:09:00,363 06TH ST
2025-11-02,04:09:00,352 06TH ST
2025-11-02,04:08:00,348 06TH ST
2025-11-02,04:08:00,2260 MISSION ST
2025-11-02,04:08:00,2248 MISSION ST
2025-11-02,04:07:00,1000 KEARNY ST
2025-11-02,04:07:00,150 06TH ST
2025-11-02,04:07:00,1990 MISSION ST
2025-11-02,04:06:00,1020 KEARNY ST
2025-11-02,04:06:00,170 06TH ST
2025-11-02,04:05:00,1934 MISSION ST
2025-11-02,04:05:00,120 06TH ST
2025-11-02,04:05:00,1970 MISSION ST
2025-11-02,04:05:00,1806 MISSION ST
2025-11-02,04:05:00,180 COLUMBUS AVE
2025-11-02,04:05:00,106 06TH ST
2025-11-02,04:04:00,1800 MISSION ST
2025-11-02,04:04:00,1906 MISSION ST
2025-11-02,04:04:00,1926 MISSION ST
2025-11-02,04:04:00,80 06TH ST
2025-11-02,04:03:00,20 COLUMBUS AVE
2025-11-02,04:02:00,700 CLAY ST
2025-11-02,04:01:00,18 06TH ST
2025-11-02,03:03:00,5125 03RD ST
2025-11-02,02:58:00,5630 03RD ST
2025-11-02,02:53:00,99 SOUTH VAN NESS AVE
2025-11-02,02:52:00,122 VAN NESS AVE
2025-11-02,02:52:00,267 MARINA BLVD
2025-11-02,02:51:00,120 VAN NESS AVE
2025-11-02,02:48:00,951 VAN NESS AVE
2025-11-02,02:48:00,840 GREAT HWY
2025-11-02,02:48:00,2600 03RD ST
2025-11-02,02:47:00,2794 16TH ST
2025-11-02,02:47:00,1407 VAN NESS AVE
2025-11-02,02:47:00,2893 16TH ST
2025-11-02,02:47:00,235 MARINA BLVD
2025-11-02,02:47:00,2760 16TH ST
2025-11-02,02:46:00,820 GREAT HWY
2025-11-02,02:46:00,275 MARINA BLVD
2025-11-02,02:45:00,1813 VAN NESS AVE
2025-11-02,02:45:00,1905 VAN NESS AVE
2025-11-02,02:45:00,2979 16TH ST
2025-11-02,02:45:00,2940 16TH ST
2025-11-02,02:44:00,1815 VAN NESS AVE
2025-11-02,02:44:00,1907 VAN NESS AVE
2025-11-02,02:43:00,1690 VAN NESS AVE
2025-11-02,02:43:00,750 GREAT HWY
2025-11-02,02:43:00,3138 16TH ST
2025-11-02,02:42:00,1450 VAN NESS AVE
2025-11-02,02:42:00,1811 MARKET ST
2025-11-02,02:42:00,1400 VAN NESS AVE
2025-11-02,02:41:00,720 GREAT HWY
2025-11-02,02:40:00,1841 MARKET ST
2025-11-02,02:40:00,1839 MARKET ST
2025-11-02,02:39:00,1845 MARKET ST
2025-11-02,02:35:00,2345 MARKET ST
2025-11-02,02:35:00,61 MCALLISTER ST
2025-11-02,02:34:00,2355 MARKET ST
2025-11-02,02:34:00,2251 MARKET ST
2025-11-02,02:34:00,2345 MARKET ST
2025-11-02,02:31:00,14 MARINA BLVD
2025-11-02,02:31:00,2256 MARKET ST
2025-11-02,02:31:00,14 MARINA BLVD
2025-11-02,02:31:00,2256 MARKET ST
2025-11-02,02:30:00,400 POWELL ST
2025-11-02,02:30:00,2232 MARKET ST
2025-11-02,02:30:00,2230 MARKET ST
2025-11-02,02:27:00,28 CYRIL MAGNIN ST
2025-11-02,02:26:00,10 MASON ST
2025-11-02,02:26:00,02 MASON ST
2025-11-02,02:26:00,1104 STOCKTON ST
2025-11-02,02:25:00,20 MASON ST
2025-11-02,02:25:00,821 STOCKTON ST
2025-11-02,02:25:00,20 MASON ST
2025-11-02,02:24:00,30 MASON ST
2025-11-02,02:24:00,1420 MISSION ST
2025-11-02,02:24:00,1000 STOCKTON ST
2025-11-02,02:24:00,30 MASON ST
2025-11-02,02:24:00,50 MASON ST
2025-11-02,02:23:00,200 MASON ST
2025-11-02,02:23:00,1368 MISSION ST
2025-11-02,02:23:00,1069 STOCKTON ST
2025-11-02,02:22:00,200 MASON ST
2025-11-02,02:22:00,700 PACIFIC AVE
2025-11-02,02:21:00,342 MASON ST
2025-11-02,02:21:00,621 PACIFIC AVE
2025-11-02,02:21:00,410 MASON ST
2025-11-02,02:21:00,1190 MISSION ST
2025-11-02,02:20:00,420 MASON ST
2025-11-02,02:20:00,1086 MISSION ST
2025-11-02,02:20:00,1188 MISSION ST
2025-11-02,02:20:00,900 KEARNY ST
2025-11-02,02:19:00,422 MASON ST
2025-11-02,02:19:00,550 TAYLOR ST
2025-11-02,02:18:00,800 KEARNY ST
2025-11-02,02:18:00,811 KEARNY ST
2025-11-02,02:18:00,1064 MISSION ST
2025-11-02,02:18:00,540 TAYLOR ST
2025-11-02,02:18:00,550 TAYLOR ST
2025-11-02,02:17:00,500 TAYLOR ST
2025-11-02,02:17:00,950 MISSION ST
2025-11-02,02:17:00,888 MISSION ST
2025-11-02,02:17:00,500 TAYLOR ST
2025-11-02,02:16:00,425 GEARY ST
2025-11-02,02:15:00,323 KEARNY ST
2025-11-02,02:15:00,235 KEARNY ST
2025-11-02,02:15:00,425 GEARY ST
2025-11-02,02:14:00,149 KEARNY ST
2025-11-02,02:14:00,200 KEARNY ST
2025-11-02,02:13:00,555 MISSION ST
2025-11-02,02:13:00,100 KEARNY ST
2025-11-02,02:13:00,73 GEARY ST
2025-11-02,02:13:00,139 KEARNY ST
2025-11-02,02:13:00,555 MISSION ST
2025-11-02,02:12:00,109 KEARNY ST
2025-11-02,02:12:00,100 KEARNY ST
2025-11-02,02:12:00,595 MISSION ST
2025-11-02,02:12:00,575 MISSION ST
2025-11-02,02:12:00,67 GEARY ST
2025-11-02,02:12:00,585 MISSION ST
2025-11-02,02:11:00,50 KEARNY ST
2025-11-02,02:11:00,309 O'FARRELL ST
2025-11-02,02:11:00,39 KEARNY ST
2025-11-02,02:10:00,39 KEARNY ST
2025-11-02,02:10:00,33 KEARNY ST
2025-11-02,02:10:00,641 MISSION ST
2025-11-02,02:10:00,315 O'FARRELL ST
2025-11-02,02:10:00,321 O'FARRELL ST
2025-11-02,02:09:00,09 KEARNY ST
2025-11-02,02:08:00,100 03RD ST
2025-11-02,02:08:00,1390 BAY ST
2025-11-02,02:07:00,1067 MISSION ST
2025-11-02,02:07:00,100 03RD ST
2025-11-02,02:06:00,1380 BAY ST
2025-11-02,02:06:00,1137 MISSION ST
2025-11-02,02:05:00,321 03RD ST
2025-11-02,02:04:00,400 03RD ST
2025-11-02,02:04:00,101 LARKIN ST
2025-11-02,02:04:00,1362 BAY ST
2025-11-02,02:03:00,111 LARKIN ST
2025-11-02,02:01:00,311 MCALLISTER ST
2025-11-02,01:53:00,1336 BAY ST
2025-11-02,01:50:00,1334 BAY ST
2025-11-02,01:47:00,1332 BAY ST
2025-11-02,01:38:00,1172 BAY ST
2025-11-02,01:36:00,1164 BAY ST
2025-11-02,01:34:00,1222 BAY ST
2025-11-02,01:34:00,1276 BAY ST
2025-11-02,01:34:00,1310 BAY ST
2025-11-02,01:33:00,1264 BAY ST
2025-11-02,01:32:00,1280 BAY ST
2025-11-02,01:32:00,1274 BAY ST
2025-11-02,01:30:00,1254 BAY ST
2025-11-02,01:30:00,1224 BAY ST
2025-11-02,01:30:00,1222 BAY ST
2025-11-02,01:29:00,1218 BAY ST
2025-11-02,01:29:00,1170 BAY ST
2025-11-02,01:27:00,1220 BAY ST
2025-11-02,01:15:00,3283 VAN NESS AVE
2025-11-02,01:13:00,3241 VAN NESS AVE
2025-11-02,01:12:00,3341 VAN NESS AVE
2025-11-02,01:11:00,1140 BAY ST
2025-11-02,02:31:00,14 MARINA BLVD
2025-11-02,02:31:00,2256 MARKET ST
2025-11-02,02:30:00,400 POWELL ST
2025-11-02,02:30:00,2232 MARKET ST
2025-11-02,02:30:00,2230 MARKET ST
2025-11-02,02:27:00,28 CYRIL MAGNIN ST
2025-11-02,02:26:00,10 MASON ST
2025-11-02,02:26:00,02 MASON ST
2025-11-02,02:26:00,1104 STOCKTON ST
2025-11-02,02:25:00,20 MASON ST
2025-11-02,02:25:00,821 STOCKTON ST
2025-11-02,02:25:00,20 MASON ST
2025-11-02,02:24:00,30 MASON ST
2025-11-02,02:24:00,1420 MISSION ST
2025-11-02,02:24:00,1000 STOCKTON ST
2025-11-02,02:24:00,30 MASON ST
2025-11-02,02:24:00,50 MASON ST
2025-11-02,02:23:00,200 MASON ST
2025-11-02,02:23:00,1368 MISSION ST
2025-11-02,02:23:00,1069 STOCKTON ST
2025-11-02,02:22:00,200 MASON ST
2025-11-02,02:22:00,700 PACIFIC AVE
2025-11-02,02:21:00,342 MASON ST
2025-11-02,02:21:00,621 PACIFIC AVE
2025-11-02,02:21:00,410 MASON ST
2025-11-02,02:21:00,1190 MISSION ST
2025-11-02,02:20:00,420 MASON ST
2025-11-02,02:20:00,1086 MISSION ST
2025-11-02,02:20:00,1188 MISSION ST
2025-11-02,02:20:00,900 KEARNY ST
2025-11-02,02:19:00,422 MASON ST
2025-11-02,02:19:00,550 TAYLOR ST
2025-11-02,02:18:00,800 KEARNY ST
2025-11-02,02:18:00,811 KEARNY ST
2025-11-02,02:18:00,1064 MISSION ST
2025-11-02,02:18:00,540 TAYLOR ST
2025-11-02,02:18:00,550 TAYLOR ST
2025-11-02,02:17:00,500 TAYLOR ST
2025-11-02,02:17:00,950 MISSION ST
2025-11-02,02:17:00,888 MISSION ST
2025-11-02,02:17:00,500 TAYLOR ST
2025-11-02,02:16:00,425 GEARY ST
2025-11-02,02:15:00,323 KEARNY ST
2025-11-02,02:15:00,235 KEARNY ST
2025-11-02,02:15:00,425 GEARY ST
2025-11-02,02:14:00,149 KEARNY ST
2025-11-02,02:14:00,200 KEARNY ST
2025-11-02,02:13:00,555 MISSION ST
2025-11-02,02:13:00,100 KEARNY ST
2025-11-02,02:13:00,73 GEARY ST
2025-11-02,02:13:00,139 KEARNY ST
2025-11-02,02:13:00,555 MISSION ST
2025-11-02,02:12:00,109 KEARNY ST
2025-11-02,02:12:00,100 KEARNY ST
2025-11-02,02:12:00,595 MISSION ST
2025-11-02,02:12:00,575 MISSION ST
2025-11-02,02:12:00,67 GEARY ST
2025-11-02,02:12:00,585 MISSION ST
2025-11-02,02:11:00,50 KEARNY ST
2025-11-02,02:11:00,309 O'FARRELL ST
2025-11-02,02:11:00,39 KEARNY ST
2025-11-02,02:10:00,39 KEARNY ST
2025-11-02,02:10:00,33 KEARNY ST
2025-11-02,02:10:00,641 MISSION ST
2025-11-02,02:10:00,315 O'FARRELL ST
2025-11-02,02:10:00,321 O'FARRELL ST
2025-11-02,02:09:00,09 KEARNY ST
2025-11-02,02:08:00,100 03RD ST
2025-11-02,02:08:00,1390 BAY ST
2025-11-02,02:07:00,1067 MISSION ST
2025-11-02,02:07:00,100 03RD ST
2025-11-02,02:06:00,1380 BAY ST
2025-11-02,02:06:00,1137 MISSION ST
2025-11-02,02:05:00,321 03RD ST
2025-11-02,02:04:00,400 03RD ST
2025-11-02,02:04:00,101 LARKIN ST
2025-11-02,02:04:00,1362 BAY ST
2025-11-02,02:03:00,111 LARKIN ST
2025-11-02,02:01:00,311 MCALLISTER ST
2025-11-02,01:53:00,1336 BAY ST
2025-11-02,01:50:00,1334 BAY ST
2025-11-02,01:47:00,1332 BAY ST
2025-11-02,01:38:00,1172 BAY ST
2025-11-02,01:36:00,1164 BAY ST
2025-11-02,01:34:00,1222 BAY ST
2025-11-02,01:34:00,1276 BAY ST
2025-11-02,01:34:00,1310 BAY ST
2025-11-02,01:33:00,1264 BAY ST
2025-11-02,01:32:00,1280 BAY ST
2025-11-02,01:32:00,1274 BAY ST
2025-11-02,01:30:00,1254 BAY ST
2025-11-02,01:30:00,1224 BAY ST
2025-11-02,01:30:00,1222 BAY ST
2025-11-02,01:29:00,1218 BAY ST
2025-11-02,01:29:00,1170 BAY ST
2025-11-02,01:27:00,1220 BAY ST
2025-11-02,01:15:00,3283 VAN NESS AVE
2025-11-02,01:13:00,3241 VAN NESS AVE
2025-11-02,01:12:00,3341 VAN NESS AVE
2025-11-02,01:11:00,1140 BAY ST

2025-11-01,19:23:00,401 BARTLETT ST
2025-11-01,19:23:00,1203 EMBARCADERO NORTH
2025-11-01,19:22:00,1203 EMBARCADERO NORTH
2025-11-01,19:18:00,1474 NEWCOMB AVE
2025-11-01,19:15:00,1372 FRANCISCO ST
2025-11-01,19:15:00,3300 26TH ST
2025-11-01,19:13:00,149 23RD AVE
2025-11-01,19:13:00,1372 FRANCISCO ST
2025-11-01,19:10:00,22 LEO ST
2025-11-01,19:06:00,1458 FRANCISCO ST
2025-11-01,19:06:00,2536 BRYANT ST
2025-11-01,19:05:00,2536 BRYANT ST
2025-11-01,19:03:00,4355 BALBOA ST
2025-11-01,18:51:00,4599 CABRILLO ST
2025-11-01,18:47:00,140 LANDERS ST
2025-11-01,18:47:00,3 EMBARCADERO NORTH
2025-11-01,18:46:00,783 LA PLAYA ST
2025-11-01,18:41:00,1267 11TH AVE
2025-11-01,18:41:00,35 PARK ST
2025-11-01,18:39:00,2036 GREENWICH ST
2025-11-01,18:39:00,3174 16TH ST
2025-11-01,18:38:00,403 EMBARCADERO SOUTH
2025-11-01,18:38:00,11 HUGO ST
2025-11-01,18:33:00,173 HAIGHT ST
2025-11-01,18:33:00,503 EMBARCADERO SOUTH
2025-11-01,18:31:00,503 EMBARCADERO SOUTH
2025-11-01,18:30:00,1231 05TH AVE
2025-11-01,18:30:00,309 SHOTWELL ST
2025-11-01,18:29:00,1219 05TH AVE
2025-11-01,18:28:00,1375 CALIFORNIA ST
2025-11-01,18:27:00,2036 GREENWICH ST
2025-11-01,18:26:00,1375 CALIFORNIA ST
2025-11-01,18:26:00,2036 GREENWICH ST
2025-11-01,18:23:00,167 LEXINGTON ST
2025-11-01,18:19:00,2417 WEBSTER ST
2025-11-01,18:02:00,123 GUERRERO ST
2025-11-01,18:01:00,2510 GOLDEN GATE AVE
2025-11-01,18:00:00,1457 07TH AVE
2025-11-01,17:57:00,596 CAPP ST
2025-11-01,17:53:00,1125 TAYLOR ST
2025-11-01,17:49:00,801 SCOTT ST
2025-11-01,17:49:00,77 PARNASSUS AVE
2025-11-01,17:48:00,801 SCOTT ST
2025-11-01,17:46:00,2018 GROVE ST
2025-11-01,17:45:00,534 27TH AVE
2025-11-01,17:44:00,3131 26TH ST
2025-11-01,17:44:00,64 STANFORD ST
2025-11-01,17:42:00,3141 26TH ST
2025-11-01,17:40:00,3149 26TH ST
2025-11-01,17:39:00,2706 GOUGH ST
2025-11-01,17:38:00,3171 26TH ST
2025-11-01,17:38:00,320 BRANNAN ST
2025-11-01,17:37:00,3181 26TH ST
2025-11-01,17:35:00,3195 26TH ST
2025-11-01,17:34:00,2471 CLAY ST
2025-11-01,17:32:00,3023 FOLSOM ST
2025-11-01,17:31:00,3037 FOLSOM ST
2025-11-01,17:30:00,3049 FOLSOM ST
2025-11-01,17:27:00,796 MINNA ST
2025-11-01,17:26:00,792 MINNA ST
2025-11-01,17:24:00,3130 16TH ST
2025-11-01,17:24:00,786 MINNA ST
2025-11-01,17:23:00,3128 16TH ST
2025-11-01,17:22:00,42 SOUTH PARK
2025-11-01,17:20:00,3140 CESAR CHAVEZ
2025-11-01,17:20:00,807 FULTON ST
2025-11-01,17:20:00,3198 19TH ST
2025-11-01,17:18:00,148 SOUTH PARK
2025-11-01,17:17:00,3118 CESAR CHAVEZ
2025-11-01,17:15:00,150 SOUTH PARK
2025-11-01,17:14:00,3078 HARRISON ST
2025-11-01,17:13:00,3056 HARRISON ST
2025-11-01,17:12:00,95 CRESCENT AVE
2025-11-01,17:12:00,3050 HARRISON ST
2025-11-01,17:11:00,2413 SACRAMENTO ST
2025-11-01,17:11:00,841 VALENCIA ST
2025-11-01,17:10:00,3046 HARRISON ST
2025-11-01,17:09:00,2503 SACRAMENTO ST
2025-11-01,17:09:00,104 SOUTH PARK
2025-11-01,17:08:00,3925 CESAR CHAVEZ ST
2025-11-01,17:06:00,81 SOUTH PARK
2025-11-01,17:05:00,81 SOUTH PARK
2025-11-01,17:04:00,3204 22ND ST
2025-11-01,17:02:00,682 MINNA ST
2025-11-01,17:00:00,621 MINNA ST
2025-11-01,17:00:00,2599 SACRAMENTO ST
2025-11-01,16:59:00,672 MINNA ST
2025-11-01,16:57:00,652 MINNA ST
2025-11-01,16:55:00,2211 CALIFORNIA ST
2025-11-01,16:54:00,2211 CALIFORNIA ST
2025-11-01,16:54:00,1904 MISSION ST
2025-11-01,16:54:00,638 MINNA ST
2025-11-01,16:53:00,630 MINNA ST
2025-11-01,16:52:00,2227 21ST AVE
2025-11-01,16:51:00,1804 MISSION ST
2025-11-01,16:51:00,202 22ND ST
2025-11-01,16:51:00,624 MINNA ST
2025-11-01,16:50:00,676 TOWNSEND ST
2025-11-01,16:50:00,624 MINNA ST
2025-11-01,16:48:00,606 MINNA ST
2025-11-01,16:48:00,606 MINNA ST
2025-11-01,16:47:00,102 22ND ST
2025-11-01,16:45:00,1002 MARYLAND ST
2025-11-01,16:45:00,1108 MISSION ST
2025-11-01,16:45:00,1123 VALENCIA ST
2025-11-01,16:44:00,3459 16TH ST
2025-11-01,16:44:00,1108 MISSION ST
2025-11-01,16:44:00,417 HAIGHT ST
2025-11-01,16:43:00,901 MARYLAND ST
2025-11-01,16:42:00,219 BRADFORD ST
2025-11-01,16:41:00,901 MARYLAND ST
2025-11-01,16:40:00,21 TOWNSEND ST
2025-11-01,16:40:00,902 MARYLAND ST
2025-11-01,16:39:00,902 MARYLAND ST
2025-11-01,16:39:00,520 HAIGHT ST
2025-11-01,16:39:00,1041 TREAT AVE
2025-11-01,16:38:00,2203 GRANT AVE
2025-11-01,16:37:00,902 MARYLAND ST
2025-11-01,16:37:00,902 MARYLAND ST
2025-11-01,16:37:00,2796 MISSION ST
2025-11-01,16:37:00,548 BRANNAN ST
2025-11-01,16:36:00,2792 MISSION ST
2025-11-01,16:34:00,26 TOWNSEND ST
2025-11-01,16:34:00,323 06TH AVE
2025-11-01,16:34:00,902 MARYLAND ST
2025-11-01,16:34:00,902 MARYLAND ST
2025-11-01,16:33:00,303 12TH ST
2025-11-01,16:33:00,1149 TREAT AVE
2025-11-01,16:33:00,902 MARYLAND ST
2025-11-01,16:33:00,1265 BATTERY ST
2025-11-01,16:33:00,20 TOWNSEND ST
2025-11-01,16:32:00,2136 GREENWICH ST
2025-11-01,16:32:00,214 HARRISON ST
2025-11-01,16:31:00,901 MARYLAND ST
2025-11-01,16:31:00,1107 YORK ST
2025-11-01,16:31:00,2473 SAN BRUNO AVE
2025-11-01,16:31:00,2138 GREENWICH ST
2025-11-01,16:31:00,206 HARRISON ST
2025-11-01,16:31:00,906 LARKIN ST
2025-11-01,16:31:00,2921 GEARY BLVD
2025-11-01,16:31:00,1171 TREAT AVE
2025-11-01,16:30:00,50 TOWNSEND ST
2025-11-01,16:30:00,904 LARKIN ST
2025-11-01,16:30:00,344 GOUGH ST
2025-11-01,16:30:00,901 MARYLAND ST
2025-11-01,16:30:00,286 12TH ST
2025-11-01,16:30:00,1610 BRYANT ST
2025-11-01,16:30:00,1721 HAIGHT ST
2025-11-01,16:30:00,2142 GREENWICH ST
2025-11-01,16:30:00,926 COLE ST
2025-11-01,16:20:00,342 GROVE ST
2025-11-01,16:19:00,3380 18TH ST
2025-11-01,16:19:00,804 ELLIS ST
2025-11-01,16:19:00,301 20TH ST
2025-11-01,16:19:00,303 12TH ST
2025-11-01,16:19:00,1780 WALLER ST
2025-11-01,16:19:00,204 PACIFIC AVE
2025-11-01,16:18:00,1633 POST ST
2025-11-01,16:18:00,75 WOODLAND AVE
2025-11-01,16:18:00,3360 18TH ST
2025-11-01,16:18:00,3354 20TH ST
2025-11-01,16:18:00,678 FRANCISCO ST
2025-11-01,16:17:00,1159 BATTERY ST
2025-11-01,16:17:00,38 TOWNSEND ST
2025-11-01,16:17:00,703 FRONT ST
2025-11-01,16:17:00,1611 HAIGHT ST
2025-11-01,16:17:00,1190 TREAT LN
2025-11-01,16:16:00,704 ELLIS ST
2025-11-01,16:16:00,1724 WALLER ST
2025-11-01,16:16:00,3380 20TH ST
2025-11-01,16:16:00,2010 SACRAMENTO ST
2025-11-01,16:15:00,727 FRANCISCO ST
2025-11-01,16:14:00,1804 UNION ST
2025-11-01,16:14:00,1168 TREAT LN
2025-11-01,16:14:00,3396 20TH ST
2025-11-01,16:14:00,704 FRONT ST
2025-11-01,16:14:00,325 09TH ST
2025-11-01,16:13:00,2543 SAN BRUNO AVE
2025-11-01,16:13:00,500 20TH ST
2025-11-01,16:13:00,201 VALENCIA ST
2025-11-01,16:12:00,201 VALENCIA ST
2025-11-01,16:12:00,345 09TH ST
2025-11-01,16:12:00,609 VALLEJO ST
2025-11-01,16:12:00,3109 FILLMORE ST
2025-11-01,16:12:00,78 KAPLAN LN
2025-11-01,16:12:00,1152 TREAT LN
2025-11-01,16:12:00,1607 HAIGHT ST
2025-11-01,16:11:00,4823 GEARY BLVD
2025-11-01,16:11:00,16 KAPLAN LN
2025-11-01,16:11:00,3111 FILLMORE ST
2025-11-01,16:10:00,602 20TH ST
2025-11-01,16:10:00,2708 24TH ST
2025-11-01,16:10:00,2551 SAN BRUNO AVE
2025-11-01,16:10:00,1501 FOLSOM ST
2025-11-01,16:10:00,210 SPEAR ST
2025-11-01,16:10:00,1150 TREAT LN
2025-11-01,16:10:00,3345 20TH ST
2025-11-01,16:09:00,1712 CLAY ST
2025-11-01,16:09:00,113 NORTH POINT ST
2025-11-01,16:09:00,2079 UNION ST
2025-11-01,16:09:00,367 09TH ST
2025-11-01,16:09:00,3346 20TH ST
2025-11-01,16:09:00,1501 FOLSOM ST
2025-11-01,16:08:00,301 VALENCIA ST
2025-11-01,16:08:00,698 SHRADER ST
2025-11-01,16:08:00,998 CHESTNUT ST
2025-11-01,16:08:00,1098 TREAT AVE
2025-11-01,16:08:00,303 COLUMBUS AVE
2025-11-01,16:07:00,1501 FOLSOM ST
2025-11-01,16:07:00,3121 FILLMORE ST
2025-11-01,16:07:00,527 COLUMBUS AVE
2025-11-01,16:07:00,103 GREENWICH ST
2025-11-01,16:07:00,3348 20TH ST
2025-11-01,16:07:00,892 ILLINOIS ST
2025-11-01,16:07:00,1712 CLAY ST
2025-11-01,16:07:00,906 MISSION ST
2025-11-01,16:07:00,301 VALENCIA ST
2025-11-01,16:06:00,890 ILLINOIS ST
2025-11-01,16:06:00,886 ILLINOIS ST
2025-11-01,16:06:00,1501 FOLSOM ST
2025-11-01,16:06:00,1533 HAIGHT ST
2025-11-01,16:06:00,1660 18TH ST
2025-11-01,16:05:00,1739 CLAY ST
2025-11-01,16:05:00,1306 SANSOME ST
2025-11-01,16:05:00,535 COLUMBUS AVE
2025-11-01,16:05:00,1715 POST ST
2025-11-01,16:05:00,5309 GEARY BLVD
2025-11-01,16:05:00,87 STILLMAN ST
2025-11-01,16:05:00,3252 PIERCE STREET GARAGE
2025-11-01,16:05:00,543 COLUMBUS AVE
2025-11-01,16:05:00,960 CHESTNUT ST
2025-11-01,16:04:00,331 COLUMBUS AVE
2025-11-01,16:04:00,303 12TH ST
2025-11-01,16:04:00,1331 KEARNY ST
2025-11-01,16:04:00,1695 18TH ST
2025-11-01,16:04:00,1504 15TH ST
2025-11-01,16:04:00,3129 FILLMORE ST
2025-11-01,16:04:00,830 ILLINOIS ST
2025-11-01,16:03:00,1046 TREAT LN
2025-11-01,16:03:00,1740 CLAY ST
2025-11-01,16:03:00,3252 PIERCE STREET GARAGE
2025-11-01,16:03:00,5407 GEARY BLVD
2025-11-01,16:03:00,826 ILLINOIS ST
2025-11-01,16:02:00,930 CHESTNUT ST
2025-11-01,16:02:00,1034 TREAT LN
2025-11-01,16:02:00,1705 CLAY ST
2025-11-01,16:01:00,254 12TH ST
2025-11-01,16:01:00,1504 15TH ST
2025-11-01,16:00:00,1739 CLAY ST
2025-11-01,16:00:00,841 COLUMBUS AVE
2025-11-01,16:00:00,820 ILLINOIS ST
2025-11-01,16:00:00,2109 LOMBARD ST
2025-11-01,16:00:00,248 12TH ST
2025-11-01,15:59:00,405 KEARNY ST
2025-11-01,15:59:00,1504 15TH ST
2025-11-01,15:59:00,872 CHESTNUT ST
2025-11-01,15:58:00,203 GREEN ST
2025-11-01,15:58:00,206 12TH ST
2025-11-01,15:58:00,3252 PIERCE STREET GARAGE
2025-11-01,15:57:00,10 JACK LONDON ALY
2025-11-01,15:57:00,1721 CLAY ST
2025-11-01,15:57:00,804 ILLINOIS ST
2025-11-01,15:57:00,304 SAN CARLOS ST
2025-11-01,15:57:00,1413 KEARNY ST
2025-11-01,15:57:00,206 12TH ST
2025-11-01,15:56:00,43 JACK LONDON ALY
2025-11-01,15:56:00,1441 HAIGHT ST
2025-11-01,15:56:00,903 COLUMBUS AVE
2025-11-01,15:56:00,872 CHESTNUT ST
2025-11-01,15:56:00,1721 CLAY ST
2025-11-01,15:56:00,801 ILLINOIS ST
2025-11-01,15:56:00,310 SAN CARLOS ST
2025-11-01,15:56:00,2127 LOMBARD ST
2025-11-01,15:55:00,951 COLUMBUS AVE
2025-11-01,15:55:00,404 22ND AVE
2025-11-01,15:55:00,1719 CLAY ST
2025-11-01,15:55:00,3289 17TH ST
2025-11-01,15:55:00,43 JACK LONDON ALY
2025-11-01,15:54:00,1203 ALABAMA ST
2025-11-01,15:54:00,3140 16TH ST
2025-11-01,15:54:00,443 CORTLAND AVE
2025-11-01,15:54:00,274 NORTH POINT ST
2025-11-01,15:54:00,1439 HAIGHT ST
2025-11-01,15:54:00,3845 CESAR CHAVEZ ST
2025-11-01,15:53:00,221 PINE ST
2025-11-01,15:53:00,1709 POLK ST
2025-11-01,15:53:00,447 GIRARD ST
2025-11-01,15:53:00,3252 PIERCE STREET GARAGE
2025-11-01,15:53:00,2209 LOMBARD ST
2025-11-01,15:53:00,5917 GEARY BLVD
2025-11-01,15:52:00,701 TERRY A FRANCOIS BLVD
2025-11-01,15:52:00,321 MISSION BAY BLVD SOUTH
2025-11-01,15:52:00,321 MISSION BAY BLVD SOUTH
2025-11-01,15:52:00,248 NORTH POINT ST
2025-11-01,15:52:00,98 ALBION ST
2025-11-01,15:52:00,1435 HAIGHT ST
2025-11-01,15:51:00,701 TERRY A FRANCOIS BLVD
2025-11-01,15:51:00,244 NORTH POINT ST
2025-11-01,15:51:00,366 LEXINGTON ST
2025-11-01,15:50:00,6101 GEARY BLVD
2025-11-01,15:50:00,323 MISSION BAY BLVD SOUTH
2025-11-01,15:50:00,463 FILBERT ST
2025-11-01,15:50:00,1609 POLK ST
2025-11-01,15:50:00,91 JACK LONDON ALY
2025-11-01,15:50:00,2309 LOMBARD ST
2025-11-01,15:50:00,3252 PIERCE STREET GARAGE
2025-11-01,15:49:00,2315 LOMBARD ST
2025-11-01,15:49:00,1203 FLORIDA ST
2025-11-01,15:49:00,463 GIRARD ST
2025-11-01,15:49:00,901 DIVISADERO ST
2025-11-01,15:49:00,3180 16TH ST
2025-11-01,15:48:00,6119 GEARY BLVD
2025-11-01,15:48:00,308 LEXINGTON ST
2025-11-01,15:48:00,41 SOUTH PARK
2025-11-01,15:48:00,801 TERRY A FRANCOIS BLVD
2025-11-01,15:48:00,20 FLORIDA ST
2025-11-01,15:47:00,3171 16TH ST
2025-11-01,15:47:00,95 JACK LONDON ALY
2025-11-01,15:47:00,905 DIVISADERO ST
2025-11-01,15:46:00,310 COLUMBUS AVE
2025-11-01,15:46:00,3252 PIERCE STREET GARAGE
2025-11-01,15:46:00,45 SOUTH PARK
2025-11-01,15:46:00,166 NORTH POINT ST
2025-11-01,15:46:00,2803 24TH ST
2025-11-01,15:45:00,505 27TH AVE
2025-11-01,15:44:00,2803 24TH ST
2025-11-01,15:44:00,927 DIVISADERO ST
2025-11-01,15:44:00,2803 24TH ST
2025-11-01,15:43:00,110 CLEMENT ST
2025-11-01,15:43:00,750 18TH ST
2025-11-01,15:43:00,561 UNION ST
2025-11-01,15:43:00,2421 LOMBARD ST
2025-11-01,15:42:00,987 DIVISADERO ST
2025-11-01,15:42:00,116 CLEMENT ST
2025-11-01,15:42:00,603 DAVIS ST
2025-11-01,15:42:00,328 SAN CARLOS ST
2025-11-01,15:42:00,1934 POWELL ST
2025-11-01,15:41:00,1938 POWELL ST
2025-11-01,15:41:00,118 NORTH POINT ST
2025-11-01,15:41:00,702 TERRY A FRANCOIS BLVD
2025-11-01,15:41:00,1313 HAIGHT ST
2025-11-01,15:40:00,1404 VAN NESS AVE
2025-11-01,15:40:00,2102 03RD ST
2025-11-01,15:40:00,6110 GEARY BLVD
2025-11-01,15:40:00,1201 CAYUGA AVE
2025-11-01,15:40:00,2432 LOMBARD ST
2025-11-01,15:40:00,1622 POLK ST
2025-11-01,15:40:00,117 CLEMENT ST
2025-11-01,15:40:00,702 TERRY A FRANCOIS BLVD
2025-11-01,15:40:00,991 DIVISADERO ST
2025-11-01,15:40:00,1503 15TH ST
2025-11-01,15:39:00,474 UNION ST
2025-11-01,15:39:00,983 GREENWICH ST
2025-11-01,15:39:00,114 NORTH POINT ST
2025-11-01,15:39:00,702 TERRY A FRANCOIS BLVD
2025-11-01,15:39:00,505 DAVIS ST
2025-11-01,15:39:00,1411 17TH ST
2025-11-01,15:39:00,2603 BRYANT ST
2025-11-01,15:39:00,2358 MARKET ST
2025-11-01,15:38:00,999 DIVISADERO ST
2025-11-01,15:37:00,1316 HAIGHT ST
2025-11-01,15:37:00,504 DAVIS ST
2025-11-01,15:36:00,2334 MARKET ST
2025-11-01,15:36:00,2803 24TH ST
2025-11-01,15:35:00,74 WALTER ST
2025-11-01,15:35:00,2344 MARKET ST
2025-11-01,15:35:00,502 TERRY A FRANCOIS BLVD
2025-11-01,15:35:00,2320 LOMBARD ST
2025-11-01,15:34:00,1262 MONTGOMERY ST
2025-11-01,15:34:00,449 KANSAS ST
2025-11-01,15:34:00,1203 YORK ST
2025-11-01,15:34:00,1 DR CARLTON B GOODLETT PL
2025-11-01,15:33:00,1901 TAYLOR ST
2025-11-01,15:33:00,113 NORTH POINT ST
2025-11-01,15:33:00,1823 CLEMENT ST
2025-11-01,15:33:00,502 TERRY A FRANCOIS BLVD
2025-11-01,15:32:00,2226 LOMBARD ST
2025-11-01,15:32:00,482 MISSION BAY BLVD NORTH
2025-11-01,15:31:00,262 NOE ST
2025-11-01,15:31:00,402 TERRY A FRANCOIS BLVD
2025-11-01,15:30:00,1248 MONTGOMERY ST
2025-11-01,15:30:00,472 MISSION BAY BLVD NORTH
2025-11-01,15:30:00,609 VALLEJO ST
2025-11-01,15:30:00,2021 TAYLOR ST
2025-11-01,15:30:00,2216 LOMBARD ST
2025-11-01,15:30:00,161 PINE ST
2025-11-01,15:29:00,265 NOE ST
2025-11-01,15:28:00,1518 CALIFORNIA ST
2025-11-01,15:28:00,679 PORTOLA DR
2025-11-01,15:28:00,2210 LOMBARD ST
2025-11-01,15:27:00,2208 LOMBARD ST
2025-11-01,15:27:00,187 PINE ST
2025-11-01,15:27:00,432 VERMONT ST
2025-11-01,15:27:00,2415 CALIFORNIA ST
2025-11-01,15:27:00,101 BROADWAY
2025-11-01,15:27:00,462 MISSION BAY BLVD NORTH
2025-11-01,15:26:00,2732 MISSION ST
2025-11-01,15:26:00,1321 MONTGOMERY ST
2025-11-01,15:26:00,1540 CALIFORNIA ST
2025-11-01,15:26:00,432 MISSION BAY BLVD NORTH
2025-11-01,15:25:00,2230 TAYLOR ST
2025-11-01,15:25:00,2264 MARKET ST
2025-11-01,15:25:00,456 VERMONT ST
2025-11-01,15:25:00,1340 07TH AVE
2025-11-01,15:25:00,2401 CLEMENT ST
2025-11-01,15:24:00,722 PORTOLA DR
2025-11-01,15:24:00,30 NORTH POINT ST
2025-11-01,15:23:00,756 PORTOLA DR
2025-11-01,15:23:00,818 GEARY ST
2025-11-01,15:23:00,2712 MISSION ST
2025-11-01,15:22:00,1470 MONTGOMERY ST
2025-11-01,15:22:00,1340 07TH AVE
2025-11-01,15:21:00,4 NORTH POINT ST
2025-11-01,15:21:00,1470 MONTGOMERY ST
2025-11-01,15:21:00,402 MISSION BAY BLVD NORTH
2025-11-01,15:20:00,2338 CALIFORNIA ST
2025-11-01,15:20:00,1086 CAYUGA AVE
2025-11-01,15:20:00,408 MISSION BAY BLVD NORTH
2025-11-01,15:20:00,719 PORTOLA DR
2025-11-01,15:20:00,1934 TAYLOR ST
2025-11-01,15:20:00,1340 07TH AVE
2025-11-01,15:19:00,38 NORTH POINT ST
2025-11-01,15:19:00,3303 STEINER ST
2025-11-01,15:19:00,4205 25TH ST
2025-11-01,15:19:00,2853 MISSION ST
2025-11-01,15:18:00,2166 MARKET ST
2025-11-01,15:18:00,527 CLAYTON ST
2025-11-01,15:18:00,398 24TH AVE
2025-11-01,15:18:00,1340 07TH AVE
2025-11-01,15:18:00,90 ONEIDA AVE
2025-11-01,15:18:00,1932 TAYLOR ST
2025-11-01,15:17:00,2845 MISSION ST
2025-11-01,15:17:00,2012 CHESTNUT ST
2025-11-01,15:17:00,30 NORTH POINT ST
2025-11-01,15:17:00,1308 MONTGOMERY ST
2025-11-01,15:16:00,2212 CLEMENT ST
2025-11-01,15:16:00,3327 STEINER ST
2025-11-01,15:15:00,3329 STEINER ST
2025-11-01,15:15:00,3303 MISSION ST
2025-11-01,15:14:00,1340 07TH AVE
2025-11-01,15:14:00,2 MALLORCA WAY
2025-11-01,15:14:00,1916 TAYLOR ST
2025-11-01,15:14:00,2130 CLEMENT ST
2025-11-01,15:14:00,1671 SACRAMENTO ST
2025-11-01,15:13:00,1 MALLORCA WAY
2025-11-01,15:13:00,1618 HAIGHT ST
2025-11-01,15:12:00,311 COLUMBUS AVE
2025-11-01,15:11:00,3 FRANCISCO ST
2025-11-01,15:11:00,1606 SACRAMENTO ST
2025-11-01,15:11:00,892 GREEN ST
2025-11-01,15:11:00,20 HENRY ADAMS ST
2025-11-01,15:10:00,3205 PIERCE ST
2025-11-01,15:10:00,30 SHERIDAN ST
2025-11-01,15:10:00,1640 HAIGHT ST
2025-11-01,15:10:00,2113 CHESTNUT ST
2025-11-01,15:09:00,1630 SACRAMENTO ST
2025-11-01,15:09:00,60 HENRY ADAMS ST
2025-11-01,15:08:00,3213 PIERCE ST
2025-11-01,15:08:00,3514 PIERCE ST
2025-11-01,15:08:00,817 GUERRERO ST
2025-11-01,15:08:00,1822 CLEMENT ST
2025-11-01,15:07:00,1660 SACRAMENTO ST
2025-11-01,15:07:00,240 CALIFORNIA ST
2025-11-01,15:07:00,240 CALIFORNIA ST
2025-11-01,15:07:00,2110 CHESTNUT ST
2025-11-01,15:07:00,522 COLE ST
2025-11-01,15:05:00,2116 CHESTNUT ST
2025-11-01,15:03:00,538 KIRKHAM ST
2025-11-01,15:03:00,408 DE HARO ST
2025-11-01,15:03:00,768 GREEN ST
2025-11-01,15:03:00,204 KING ST
2025-11-01,15:03:00,313 LEE AVE
2025-11-01,15:03:00,1501 CLEMENT ST
2025-11-01,15:03:00,1720 SACRAMENTO ST
2025-11-01,15:01:00,2143 CHESTNUT ST
2025-11-01,15:01:00,244 KING ST
2025-11-01,15:00:00,334 OFARRELL ST
2025-11-01,15:00:00,608 IRVING ST
2025-11-01,15:00:00,23 HENRY ADAMS ST
2025-11-01,14:59:00,1720 HAIGHT ST
2025-11-01,14:59:00,1717 SACRAMENTO ST
2025-11-01,14:59:00,623 IRVING ST
2025-11-01,14:58:00,449 JESSIE ST
2025-11-01,14:58:00,2220 CHESTNUT ST
2025-11-01,14:57:00,1749 SACRAMENTO ST
2025-11-01,14:57:00,50 RIZAL ST
2025-11-01,14:57:00,1301 08TH AVE
2025-11-01,14:56:00,475 JESSIE ST
2025-11-01,14:56:00,50 RIZAL ST
2025-11-01,14:55:00,2 FRANCISCO ST
2025-11-01,14:55:00,1753 SACRAMENTO ST
2025-11-01,14:55:00,50 TANDANG SORA
2025-11-01,14:55:00,2506 SACRAMENTO ST
2025-11-01,14:54:00,115 LIBERTY ST
2025-11-01,14:53:00,1841 TAYLOR ST
2025-11-01,14:53:00,78 TANDANG SORA
2025-11-01,14:52:00,2794 MISSION ST
2025-11-01,14:52:00,303 COLUMBUS AVE
2025-11-01,14:52:00,116 KING ST
2025-11-01,14:52:00,3203 17TH ST
2025-11-01,14:37:00,2347 CHESTNUT ST
2025-11-01,14:36:00,1408 PINE ST
2025-11-01,14:35:00,41 COLIN P KELLY JR ST
2025-11-01,14:35:00,304 VALENCIA ST
2025-11-01,14:35:00,612 STANYAN ST
2025-11-01,14:35:00,1725 TAYLOR ST
2025-11-01,14:35:00,5 STILLMAN ST
2025-11-01,14:34:00,2323 CHESTNUT ST
2025-11-01,14:33:00,724 EMBARCADERO SOUTH
2025-11-01,14:32:00,304 VALENCIA ST
2025-11-01,14:31:00,480 SPEAR ST
2025-11-01,14:30:00,1841 TAYLOR ST
2025-11-01,14:30:00,1189 SHOTWELL ST
2025-11-01,14:30:00,915 TREAT AVE
2025-11-01,14:30:00,662 STANYAN ST
2025-11-01,14:30:00,504 NORTH POINT ST
2025-11-01,14:29:00,222 VALENCIA ST
2025-11-01,14:28:00,214 VALENCIA ST
2025-11-01,14:28:00,401 WASHINGTON ST
2025-11-01,14:27:00,115 STILLMAN ST
2025-11-01,14:26:00,2603 TAYLOR ST
2025-11-01,14:25:00,2835 CALIFORNIA ST
2025-11-01,14:25:00,998 DIVISADERO ST
2025-11-01,14:25:00,1525 PINE ST
2025-11-01,14:23:00,948 DIVISADERO ST
2025-11-01,14:23:00,2243 CHESTNUT ST
2025-11-01,14:23:00,2902 25TH ST
2025-11-01,14:22:00,1525 PINE ST
2025-11-01,14:22:00,2505 CLAY ST
2025-11-01,14:21:00,926 DIVISADERO ST
2025-11-01,14:21:00,571 07TH AVE
2025-11-01,14:21:00,2507 CLAY ST
2025-11-01,14:20:00,1525 PINE ST
2025-11-01,14:20:00,768 STANYAN ST
2025-11-01,14:20:00,3232 SACRAMENTO ST
2025-11-01,14:20:00,3017 MISSION ST
2025-11-01,14:20:00,2245 JONES ST
2025-11-01,14:20:00,3030 SAN BRUNO AVE
2025-11-01,14:20:00,3219 PIERCE ST
2025-11-01,14:19:00,230 BRANNAN ST
2025-11-01,14:19:00,914 DIVISADERO ST
2025-11-01,14:19:00,1316 GUERRERO ST
2025-11-01,14:19:00,1316 GUERRERO ST
2025-11-01,14:18:00,1904 BRYANT ST
2025-11-01,14:18:00,303 12TH ST
2025-11-01,14:18:00,3215 PIERCE ST
2025-11-01,14:18:00,2509 CLAY ST
2025-11-01,14:17:00,778 STANYAN ST
2025-11-01,14:17:00,608 FRONT ST
2025-11-01,14:17:00,3028 SAN BRUNO AVE
2025-11-01,14:17:00,1533 PINE ST
2025-11-01,14:17:00,614 FRONT ST
2025-11-01,14:17:00,904 NORTH POINT ST
2025-11-01,14:17:00,753 22ND AVE
2025-11-01,14:16:00,1904 BRYANT ST
2025-11-01,14:16:00,956 MISSION ST
2025-11-01,14:16:00,2245 JONES ST
2025-11-01,14:16:00,654 FRONT ST
2025-11-01,14:16:00,188 JULIAN AVE
2025-11-01,14:16:00,1535 PINE ST
2025-11-01,14:16:00,216 AUSTIN ST
2025-11-01,14:16:00,216 AUSTIN ST
2025-11-01,14:15:00,1535 PINE ST
2025-11-01,14:15:00,360 12TH ST
2025-11-01,14:14:00,3192 SACRAMENTO ST
2025-11-01,14:14:00,2355 JONES ST
2025-11-01,14:14:00,2860 MISSION ST
2025-11-01,14:14:00,186 JULIAN AVE
2025-11-01,14:14:00,942 NORTH POINT ST
2025-11-01,14:13:00,279 WASHINGTON ST
2025-11-01,14:13:00,1904 BRYANT ST
2025-11-01,14:13:00,2143 CHESTNUT ST
2025-11-01,14:12:00,747 FRONT ST
2025-11-01,14:12:00,176 JULIAN AVE
2025-11-01,14:12:00,612 EMBARCADERO SOUTH
2025-11-01,14:12:00,2148 03RD ST
2025-11-01,14:12:00,2830 MISSION ST
2025-11-01,14:12:00,1532 POLK ST
2025-11-01,14:11:00,100 MASON ST
2025-11-01,14:10:00,3792 MISSION ST
2025-11-01,14:10:00,75 BROADWAY
2025-11-01,14:10:00,278 WASHINGTON ST
2025-11-01,14:10:00,2509 JONES ST
2025-11-01,14:10:00,112 08TH AVE
2025-11-01,14:10:00,632 EMBARCADERO SOUTH
2025-11-01,14:10:00,1524 POLK ST
2025-11-01,14:09:00,154 JULIAN AVE
2025-11-01,14:09:00,640 08TH ST
2025-11-01,14:09:00,1340 IRVING ST
2025-11-01,14:08:00,915 COLE ST
2025-11-01,14:08:00,2780 MISSION ST
2025-11-01,14:07:00,630 08TH ST
2025-11-01,14:07:00,1411 POLK ST
2025-11-01,14:06:00,148 JULIAN AVE
2025-11-01,14:06:00,929 COLE ST
2025-11-01,14:06:00,3330 SAN BRUNO AVE
2025-11-01,14:05:00,630 MASON ST
2025-11-01,14:05:00,635 DAVIS ST
2025-11-01,14:05:00,1303 HOWARD ST
2025-11-01,14:05:00,48 BACON ST
